5567;410;0;14
5568;410;0;2
5569;410;0;6
5570;513;0;1
5571;468;0;20
5572;468;0;3
5573;468;0;1
5574;468;0;11
5575;408;0;13
5576;408;0;15
5577;408;0;3
5578;408;0;5
5579;350;0;4
5580;350;0;2
5581;519;0;4
5582;519;0;5
5583;519;0;4
5584;519;0;17
5585;321;0;17
5586;321;0;17
5587;321;0;20
5588;321;0;13
5589;477;0;14
5590;477;0;7
5591;506;0;11
5592;506;0;20
5593;494;0;5
5594;268;1;6
5595;268;1;5
5596;402;1;13
5597;378;1;18
5598;378;1;22
5599;355;1;14
5600;355;1;6
5601;355;1;10
5602;355;1;3
5603;283;1;4
5604;284;1;13
5605;497;1;8
5606;533;1;8
5607;533;1;10
5608;278;1;6
5609;278;1;1
5610;276;1;16
5611;276;1;9
5612;427;2;12
5613;457;2;18
5614;475;2;22
5615;475;2;1
5616;475;2;20
5617;475;2;20
5618;266;2;14
5619;266;2;16
5620;266;2;8
5621;554;2;21
5622;554;2;4
5623;554;2;12
5624;554;2;10
5625;261;2;6
5626;261;2;11
5627;264;2;17
5628;466;2;13
5629;466;2;18
5630;521;2;22
5631;521;2;21
5632;521;2;21
5633;521;2;5
5634;445;3;18
5635;419;3;18
5636;419;3;8
5637;422;3;10
5638;422;3;12
5639;422;3;4
5640;454;3;7
5641;490;3;19
5642;490;3;12
5643;276;3;3
5644;276;3;14
5645;276;3;11
5646;458;3;17
5647;325;3;20
5648;325;3;10
5649;325;3;21
5650;451;3;18
5651;270;3;5
5652;270;3;3
5653;270;3;3
5654;526;4;21
5655;479;4;12
5656;479;4;8
5657;479;4;21
5658;479;4;21
5659;309;4;14
5660;309;4;15
5661;309;4;3
5662;309;4;20
5663;381;4;3
5664;381;4;5
5665;365;4;20
5666;365;4;19
5667;365;4;22
5668;266;4;6
5669;266;4;12
5670;266;4;17
5671;281;4;13
5672;485;4;8
5673;485;4;11
5674;529;4;12
5675;529;4;17
5676;529;4;5
5677;367;4;1
5678;367;4;3
5679;457;5;10
5680;457;5;7
5681;528;5;15
5682;249;5;14
5683;349;5;13
5684;349;5;15
5685;349;5;16
5686;349;5;13
5687;422;5;17
5688;422;5;11
5689;519;5;21
5690;519;5;6
5691;519;5;11
5692;519;5;20
5693;284;5;5
5694;284;5;17
5695;448;5;22
5696;448;5;13
5697;448;5;11
5698;448;5;8
5699;420;5;20
5700;362;5;11
5701;362;5;7
5702;362;5;1
5703;362;5;19
5704;503;6;14
5705;503;6;15
5706;302;6;11
5707;302;6;14
5708;256;6;5
5709;256;6;12
5710;256;6;20
5711;552;6;1
5712;552;6;16
5713;552;6;5
5714;552;6;15
5715;294;6;22
5716;294;6;21
5717;294;6;4
5718;294;6;14
5719;415;6;15
5720;546;6;5
5721;546;6;2
5722;491;6;7
5723;491;6;18
5724;491;6;15
5725;432;6;5
5726;432;6;7
5727;432;6;7
5728;432;6;20
5729;252;6;7
5730;393;7;22
5731;393;7;22
5732;418;7;19
5733;328;7;6
5734;254;7;4
5735;317;7;17
5736;317;7;4
5737;317;7;10
5738;515;7;20
5739;394;7;3
5740;394;7;9
5741;394;7;16
5742;339;7;6
5743;339;7;10
5744;339;7;5
5745;468;7;8
5746;468;7;19
5747;468;7;12
5748;468;7;17
5749;534;7;12
5750;534;7;16
5751;534;7;19
5752;519;8;8
5753;519;8;13
5754;519;8;22
5755;519;8;22
5756;343;8;18
5757;343;8;3
5758;343;8;10
5759;343;8;7
5760;302;8;12
5761;345;8;4
5762;345;8;9
5763;345;8;14
5764;345;8;20
5765;309;8;4
5766;309;8;21
5767;309;8;5
5768;484;8;2
5769;484;8;19
5770;484;8;18
5771;416;8;20
5772;319;8;11
5773;319;8;11
5774;319;8;9
5775;319;8;15
5776;277;8;21
5777;277;8;4
5778;277;8;3
5779;277;8;11
5780;537;8;13
5781;537;8;5
5782;537;8;14
5783;537;8;13
5784;558;9;21
5785;256;9;16
5786;256;9;19
5787;472;9;11
5788;334;9;20
5789;334;9;1
5790;334;9;8
5791;334;9;18
5792;333;9;9
5793;333;9;6
5794;333;9;16
5795;470;9;18
5796;468;9;19
5797;324;9;21
5798;324;9;21
5799;324;9;9
5800;332;9;1
5801;332;9;1
5802;332;9;7
5803;516;9;21
5804;286;10;21
5805;356;10;15
5806;356;10;10
5807;298;10;11
5808;522;10;7
5809;541;10;11
5810;541;10;13
5811;541;10;13
5812;285;10;7
5813;285;10;3
5814;445;10;18
5815;445;10;19
5816;561;10;16
5817;561;10;18
5818;561;10;5
5819;561;10;17
5820;278;10;6
5821;278;10;1
5822;278;10;22
5823;278;10;2
5824;474;10;4
5825;474;10;5
5826;474;10;17
5827;474;10;21
5828;371;11;9
5829;371;11;10
5830;371;11;22
5831;371;11;21
5832;511;11;5
5833;546;11;11
5834;453;11;8
5835;453;11;2
5836;410;11;13
5837;410;11;2
5838;406;11;16
5839;406;11;5
5840;246;11;8
5841;246;11;6
5842;478;11;17
5843;478;11;13
5844;488;11;5
5845;488;11;3
5846;488;11;12
5847;376;11;11
5848;565;12;7
5849;565;12;18
5850;565;12;14
5851;473;12;21
5852;473;12;15
5853;459;12;19
5854;459;12;16
5855;461;12;13
5856;461;12;7
5857;461;12;20
5858;261;12;19
5859;261;12;19
5860;382;12;20
5861;382;12;13
5862;513;12;22
5863;561;12;10
5864;561;12;16
5865;561;12;15
5866;487;12;20
5867;487;12;5
5868;487;12;17
5869;413;12;16
5870;413;12;3
5871;413;12;1
5872;413;12;17
5873;292;13;6
5874;316;13;5
5875;316;13;4
5876;316;13;19
5877;316;13;8
5878;253;13;17
5879;253;13;18
5880;518;13;1
5881;518;13;19
5882;518;13;4
5883;493;13;8
5884;493;13;16
5885;493;13;14
5886;493;13;10
5887;408;13;13
5888;408;13;13
5889;290;13;20
5890;290;13;17
5891;346;13;18
5892;346;13;4
5893;371;13;17
5894;270;13;11
5895;270;13;6
5896;270;13;4
5897;270;13;8
5898;284;14;3
5899;284;14;6
5900;284;14;16
5901;421;14;19
5902;421;14;13
5903;421;14;22
5904;287;14;2
5905;287;14;14
5906;287;14;18
5907;370;14;7
5908;370;14;10
5909;370;14;6
5910;411;14;15
5911;293;14;4
5912;293;14;12
5913;293;14;20
5914;276;14;10
5915;276;14;21
5916;276;14;2
5917;276;14;5
5918;264;14;1
5919;264;14;22
5920;490;14;17
5921;493;14;19
5922;493;14;8
5923;493;14;6
5924;469;15;21
5925;469;15;16
5926;556;15;22
5927;556;15;13
5928;556;15;17
5929;402;15;3
5930;402;15;10
5931;402;15;2
5932;402;15;19
5933;523;15;11
5934;523;15;17
5935;523;15;19
5936;517;15;22
5937;517;15;19
5938;517;15;15
5939;380;15;18
5940;380;15;18
5941;463;15;14
5942;463;15;7
5943;463;15;22
5944;403;15;20
5945;403;15;20
5946;403;15;3
5947;507;15;22
5948;507;15;5
5949;507;15;18
5950;507;15;4
5951;404;15;5
5952;404;15;4
5953;404;15;21
5954;404;15;3
5955;339;16;7
5956;451;16;22
5957;451;16;9
5958;320;16;13
5959;320;16;5
5960;320;16;8
5961;431;16;17
5962;427;16;15
5963;301;16;16
5964;301;16;4
5965;301;16;1
5966;301;16;20
5967;504;16;14
5968;504;16;3
5969;504;16;21
5970;274;16;8
5971;527;16;19
5972;248;16;15
5973;248;16;13
5974;362;17;9
5975;362;17;18
5976;362;17;20
5977;362;17;13
5978;466;17;11
5979;466;17;7
5980;353;17;6
5981;353;17;15
5982;353;17;10
5983;463;17;13
5984;463;17;16
5985;337;17;19
5986;337;17;7
5987;389;17;3
5988;432;17;21
5989;335;17;11
5990;335;17;8
5991;296;17;2
5992;296;17;2
5993;296;17;4
5994;296;17;18
5995;534;17;4
5996;534;17;20
5997;534;17;14
5998;351;18;18
5999;351;18;21
6000;494;18;2
6001;316;18;5
6002;316;18;20
6003;316;18;7
6004;561;18;1
6005;561;18;4
6006;561;18;15
6007;511;18;13
6008;511;18;21
6009;302;18;12
6010;302;18;7
6011;480;18;13
6012;480;18;21
6013;480;18;2
6014;296;18;12
6015;296;18;13
6016;247;18;10
6017;359;18;21
6018;511;19;12
6019;511;19;13
6020;511;19;18
6021;453;19;20
6022;406;19;17
6023;406;19;6
6024;533;19;20
6025;533;19;4
6026;498;19;16
6027;498;19;10
6028;498;19;5
6029;400;19;16
6030;400;19;12
6031;347;19;10
6032;422;19;19
6033;422;19;7
6034;422;19;2
6035;422;19;11
6036;510;19;14
6037;510;19;14
6038;510;19;12
6039;510;19;13
6040;356;19;17
6041;356;19;9
6042;356;19;20
6043;356;19;11
6044;355;20;20
6045;355;20;5
6046;355;20;15
6047;248;20;14
6048;248;20;7
6049;304;20;15
6050;304;20;10
6051;304;20;7
6052;304;20;8
6053;488;20;8
6054;488;20;6
6055;488;20;11
6056;488;20;20
6057;377;20;11
6058;377;20;17
6059;377;20;15
6060;377;20;6
6061;449;20;15
6062;449;20;4
6063;449;20;19
6064;506;20;16
6065;431;20;3
6066;431;20;9
6067;431;20;6
6068;431;20;19
6069;373;20;13
6070;373;20;10
6071;373;20;12
6072;373;20;20
6073;514;21;19
6074;514;21;16
6075;514;21;2
6076;514;21;14
6077;374;21;4
6078;374;21;9
6079;374;21;17
6080;353;21;6
6081;539;21;20
6082;298;21;20
6083;298;21;4
6084;298;21;19
6085;298;21;8
6086;411;21;13
6087;380;21;14
6088;380;21;11
6089;380;21;13
6090;325;21;13
6091;325;21;1
6092;325;21;2
6093;325;21;12
6094;487;21;17
6095;487;21;18
6096;487;21;21
6097;487;21;1
6098;370;21;15
6099;388;22;14
6100;453;22;2
6101;453;22;11
6102;453;22;17
6103;273;22;20
6104;413;22;19
6105;413;22;6
6106;304;22;9
6107;304;22;15
6108;304;22;3
6109;475;22;7
6110;475;22;22
6111;306;22;3
6112;306;22;8
6113;386;22;5
6114;532;22;15
6115;504;22;20
6116;288;23;11
6117;288;23;11
6118;288;23;3
6119;288;23;19
6120;255;23;6
6121;255;23;3
6122;255;23;5
6123;255;23;15
6124;392;23;2
6125;506;23;12
6126;506;23;14
6127;506;23;3
6128;506;23;22
6129;425;23;11
6130;425;23;16
6131;349;23;18
6132;349;23;12
6133;349;23;11
6134;349;23;22
6135;436;23;22
6136;436;23;7
6137;436;23;21
6138;395;23;13
6139;395;23;10
6140;430;23;19
6141;430;23;8
6142;508;23;1
6143;508;23;16
6144;420;24;17
6145;420;24;3
6146;540;24;20
6147;540;24;13
6148;540;24;6
6149;432;24;13
6150;432;24;14
6151;432;24;17
6152;432;24;22
6153;440;24;17
6154;411;24;10
6155;382;24;22
6156;345;24;22
6157;345;24;4
6158;345;24;4
6159;345;24;18
6160;434;24;5
6161;434;24;19
6162;434;24;3
6163;434;24;14
6164;481;24;21
6165;481;24;5
6166;481;24;5
6167;332;24;6
6168;265;25;17
6169;265;25;13
6170;265;25;7
6171;265;25;21
6172;268;25;6
6173;268;25;3
6174;268;25;3
6175;268;25;8
6176;502;25;21
6177;502;25;4
6178;502;25;19
6179;385;25;21
6180;385;25;18
6181;534;25;10
6182;534;25;1
6183;469;25;6
6184;469;25;21
6185;469;25;4
6186;542;25;2
6187;542;25;11
6188;457;25;4
6189;457;25;14
6190;457;25;10
6191;430;25;20
6192;430;25;22
6193;430;25;19
6194;468;25;20
6195;468;25;17
6196;509;26;1
6197;309;26;1
6198;309;26;1
6199;309;26;10
6200;540;26;7
6201;540;26;16
6202;493;26;8
6203;493;26;18
6204;331;26;19
6205;505;26;3
6206;505;26;16
6207;505;26;15
6208;505;26;19
6209;549;26;21
6210;549;26;19
6211;414;26;14
6212;414;26;21
6213;360;26;21
6214;360;26;21
6215;360;26;2
6216;516;26;22
6217;542;27;1
6218;542;27;2
6219;542;27;7
6220;542;27;9
6221;552;27;12
6222;552;27;5
6223;462;27;16
6224;462;27;2
6225;545;27;5
6226;545;27;6
6227;517;27;11
6228;517;27;13
6229;414;27;17
6230;414;27;6
6231;414;27;5
6232;414;27;13
6233;266;27;18
6234;266;27;5
6235;399;27;3
6236;399;27;3
6237;399;27;12
6238;248;27;12
6239;248;27;5
6240;248;27;12
6241;488;27;11
6242;488;27;18
6243;376;28;13
6244;439;28;18
6245;439;28;4
6246;472;28;8
6247;472;28;16
6248;445;28;12
6249;445;28;6
6250;445;28;8
6251;445;28;14
6252;485;28;9
6253;266;28;7
6254;319;28;18
6255;319;28;8
6256;319;28;13
6257;319;28;7
6258;252;28;18
6259;538;28;10
6260;523;28;22
6261;523;28;4
6262;523;28;19
6263;374;29;20
6264;374;29;18
6265;374;29;13
6266;374;29;10
6267;545;29;9
6268;532;29;3
6269;532;29;16
6270;532;29;5
6271;532;29;17
6272;528;29;16
6273;528;29;7
6274;528;29;17
6275;528;29;11
6276;565;29;4
6277;565;29;9
6278;565;29;21
6279;357;29;12
6280;357;29;4
6281;357;29;5
6282;246;29;11
6283;246;29;13
6284;246;29;14
6285;246;29;16
6286;506;29;9
6287;506;29;12
6288;506;29;1
6289;506;29;15
6290;354;29;13
6291;354;29;1
6292;473;29;8
6293;473;29;17
6294;473;29;7
6295;400;30;2
6296;400;30;3
6297;400;30;19
6298;400;30;9
6299;498;30;12
6300;498;30;10
6301;320;30;4
6302;320;30;19
6303;320;30;18
6304;320;30;20
6305;532;30;9
6306;356;30;9
6307;356;30;15
6308;356;30;12
6309;279;30;8
6310;279;30;10
6311;279;30;21
6312;279;30;19
6313;372;30;20
6314;524;30;21
6315;434;30;11
6316;366;30;18
6317;366;30;15
6318;366;30;14
6319;366;30;18
6320;448;31;1
6321;448;31;8
6322;388;31;3
6323;388;31;2
6324;455;31;17
6325;508;31;13
6326;508;31;17
6327;508;31;4
6328;337;31;1
6329;337;31;21
6330;316;31;21
6331;316;31;19
6332;316;31;20
6333;403;31;8
6334;403;31;3
6335;403;31;6
6336;403;31;15
6337;341;31;9
6338;341;31;13
6339;254;31;11
6340;311;31;1
6341;431;32;7
6342;542;32;21
6343;542;32;14
6344;442;32;5
6345;403;32;17
6346;403;32;4
6347;387;32;7
6348;387;32;7
6349;387;32;10
6350;564;32;13
6351;564;32;20
6352;564;32;7
6353;266;32;1
6354;266;32;22
6355;266;32;17
6356;266;32;15
6357;500;32;8
6358;500;32;18
6359;547;32;21
6360;547;32;16
6361;547;32;11
6362;406;32;6
6363;406;32;10
6364;406;32;12
6365;406;32;13
6366;414;33;1
6367;414;33;3
6368;414;33;7
6369;414;33;14
6370;327;33;9
6371;327;33;4
6372;327;33;18
6373;290;33;19
6374;290;33;22
6375;290;33;5
6376;342;33;18
6377;342;33;15
6378;342;33;21
6379;342;33;14
6380;334;33;2
6381;445;33;14
6382;445;33;22
6383;364;33;19
6384;364;33;8
6385;364;33;7
6386;507;33;6
6387;507;33;4
6388;507;33;10
6389;451;33;17
6390;451;33;20
6391;451;33;20
6392;451;33;13
6393;460;34;22
6394;460;34;6
6395;460;34;7
6396;460;34;13
6397;362;34;19
6398;362;34;18
6399;362;34;11
6400;385;34;11
6401;385;34;4
6402;385;34;21
6403;385;34;18
6404;418;34;15
6405;320;34;11
6406;552;34;6
6407;336;34;12
6408;269;34;6
6409;269;34;10
6410;437;34;20
6411;437;34;15
6412;437;34;6
6413;494;34;5
6414;494;34;8
6415;494;34;20
6416;494;34;6
6417;520;35;21
6418;520;35;8
6419;520;35;21
6420;520;35;11
6421;471;35;17
6422;471;35;5
6423;471;35;3
6424;471;35;22
6425;498;35;4
6426;498;35;17
6427;498;35;10
6428;498;35;3
6429;289;35;16
6430;289;35;7
6431;289;35;17
6432;289;35;15
6433;287;35;7
6434;287;35;12
6435;287;35;22
6436;424;35;20
6437;424;35;15
6438;424;35;5
6439;424;35;13
6440;301;35;15
6441;301;35;4
6442;301;35;6
6443;483;35;21
6444;483;35;3
6445;483;35;7
6446;390;35;22
6447;390;35;7
6448;359;35;19
6449;359;35;10
6450;259;36;10
6451;259;36;6
6452;438;36;11
6453;438;36;12
6454;438;36;10
6455;438;36;6
6456;544;36;13
6457;544;36;6
6458;544;36;17
6459;544;36;14
6460;274;36;9
6461;274;36;2
6462;518;36;5
6463;518;36;13
6464;518;36;15
6465;367;36;8
6466;367;36;15
6467;367;36;20
6468;343;36;12
6469;358;36;12
6470;358;36;10
6471;358;36;8
6472;358;36;11
6473;420;36;15
6474;459;36;1
6475;459;36;13
6476;459;36;14
6477;459;36;22
6478;518;37;15
6479;463;37;7
6480;252;37;14
6481;252;37;22
6482;252;37;22
6483;252;37;7
6484;370;37;21
6485;370;37;5
6486;370;37;9
6487;417;37;20
6488;315;37;19
6489;403;37;17
6490;270;37;19
6491;270;37;21
6492;329;37;21
6493;329;37;19
6494;329;37;12
6495;402;37;2
6496;473;38;17
6497;563;38;18
6498;563;38;10
6499;309;38;22
6500;309;38;20
6501;309;38;13
6502;298;38;14
6503;298;38;2
6504;452;38;2
6505;452;38;5
6506;452;38;7
6507;452;38;13
6508;509;38;22
6509;396;38;6
6510;396;38;10
6511;247;38;20
6512;301;38;6
6513;301;38;4
6514;301;38;6
6515;301;38;3
6516;476;38;10
6517;389;39;11
6518;448;39;20
6519;448;39;13
6520;448;39;6
6521;448;39;3
6522;362;39;18
6523;362;39;3
6524;362;39;1
6525;362;39;15
6526;542;39;12
6527;542;39;16
6528;542;39;11
6529;438;39;17
6530;438;39;6
6531;438;39;9
6532;438;39;15
6533;268;39;17
6534;268;39;18
6535;268;39;15
6536;385;39;12
6537;385;39;22
6538;385;39;5
6539;356;39;17
6540;356;39;17
6541;466;39;19
6542;466;39;9
6543;520;39;22
6544;520;39;5
6545;520;39;14
6546;454;40;10
6547;544;40;5
6548;544;40;7
6549;416;40;17
6550;543;40;8
6551;543;40;3
6552;303;40;9
6553;303;40;11
6554;303;40;20
6555;465;40;18
6556;465;40;15
6557;465;40;16
6558;465;40;3
6559;373;40;19
6560;438;40;4
6561;438;40;13
6562;438;40;8
6563;538;40;7
6564;538;40;7
6565;267;41;4
6566;267;41;3
6567;267;41;12
6568;267;41;13
6569;277;41;4
6570;399;41;6
6571;399;41;9
6572;399;41;11
6573;399;41;13
6574;554;41;7
6575;554;41;4
6576;554;41;20
6577;554;41;11
6578;452;41;6
6579;262;41;14
6580;262;41;1
6581;262;41;16
6582;262;41;20
6583;374;41;22
6584;374;41;18
6585;374;41;8
6586;374;41;7
6587;491;41;19
6588;491;41;21
6589;491;41;22
6590;491;41;11
6591;388;41;5
6592;388;41;22
6593;388;41;6
6594;255;41;9
6595;255;41;17
6596;255;41;20
6597;255;41;13
6598;538;42;6
6599;538;42;13
6600;342;42;12
6601;342;42;13
6602;303;42;3
6603;303;42;7
6604;510;42;10
6605;315;42;17
6606;315;42;10
6607;315;42;6
6608;316;42;13
6609;316;42;8
6610;316;42;19
6611;346;42;9
6612;346;42;12
6613;346;42;12
6614;277;42;10
6615;277;42;14
6616;277;42;22
6617;498;42;6
6618;498;42;5
6619;498;42;20
6620;498;42;3
6621;395;42;11
6622;395;42;11
6623;395;42;14
6624;497;43;16
6625;497;43;6
6626;292;43;2
6627;292;43;17
6628;292;43;13
6629;292;43;19
6630;370;43;18
6631;370;43;21
6632;370;43;18
6633;375;43;13
6634;375;43;7
6635;375;43;2
6636;375;43;20
6637;514;43;4
6638;514;43;17
6639;496;43;22
6640;496;43;19
6641;496;43;20
6642;393;43;9
6643;393;43;20
6644;393;43;2
6645;331;43;8
6646;322;43;7
6647;322;43;22
6648;322;43;14
6649;322;43;8
6650;395;43;2
6651;395;43;2
6652;395;43;13
6653;395;43;15
6654;290;44;16
6655;290;44;2
6656;290;44;14
6657;290;44;16
6658;268;44;3
6659;375;44;21
6660;375;44;18
6661;375;44;5
6662;329;44;7
6663;329;44;17
6664;454;44;8
6665;454;44;19
6666;454;44;9
6667;454;44;4
6668;357;44;20
6669;357;44;11
6670;357;44;13
6671;294;44;20
6672;374;44;19
6673;374;44;3
6674;374;44;6
6675;335;44;22
6676;335;44;19
6677;421;44;12
6678;421;44;17
6679;421;44;1
6680;460;45;5
6681;460;45;5
6682;460;45;10
6683;460;45;6
6684;534;45;4
6685;457;45;4
6686;457;45;10
6687;549;45;6
6688;549;45;17
6689;549;45;22
6690;549;45;22
6691;357;45;20
6692;357;45;20
6693;357;45;17
6694;487;45;3
6695;487;45;20
6696;472;45;1
6697;472;45;8
6698;472;45;1
6699;474;45;11
6700;474;45;19
6701;473;45;17
6702;473;45;17
6703;523;46;19
6704;523;46;11
6705;523;46;15
6706;523;46;4
6707;434;46;10
6708;434;46;15
6709;434;46;8
6710;434;46;4
6711;441;46;11
6712;288;46;13
6713;288;46;8
6714;288;46;6
6715;287;46;7
6716;287;46;22
6717;542;46;18
6718;542;46;7
6719;542;46;20
6720;542;46;22
6721;474;46;4
6722;474;46;2
6723;269;46;18
6724;286;46;14
6725;286;46;19
6726;286;46;15
6727;436;47;6
6728;288;47;12
6729;288;47;8
6730;288;47;12
6731;288;47;3
6732;415;47;2
6733;415;47;3
6734;560;47;20
6735;560;47;6
6736;560;47;9
6737;560;47;17
6738;532;47;4
6739;532;47;2
6740;532;47;12
6741;515;47;21
6742;515;47;22
6743;534;47;22
6744;534;47;11
6745;534;47;4
6746;540;47;15
6747;302;47;20
6748;525;47;13
6749;525;47;5
6750;525;47;18
6751;267;48;7
6752;267;48;10
6753;538;48;2
6754;538;48;18
6755;538;48;19
6756;509;48;16
6757;509;48;5
6758;323;48;3
6759;323;48;5
6760;323;48;17
6761;323;48;7
6762;502;48;14
6763;502;48;13
6764;502;48;2
6765;283;48;16
6766;283;48;6
6767;325;48;21
6768;325;48;1
6769;325;48;5
6770;480;48;10
6771;480;48;6
6772;480;48;5
6773;393;48;10
6774;393;48;15
6775;402;48;22
6776;402;48;10
6777;255;49;11
6778;487;49;17
6779;424;49;13
6780;424;49;6
6781;424;49;11
6782;416;49;9
6783;438;49;6
6784;438;49;9
6785;438;49;14
6786;438;49;6
6787;423;49;11
6788;393;49;2
6789;393;49;4
6790;393;49;16
6791;332;49;15
6792;332;49;19
6793;332;49;7
6794;288;49;3
6795;288;49;11
6796;479;49;11
6797;479;49;10
6798;479;49;17
6799;479;49;18
12145;410;0;8
12146;410;0;22
12147;513;0;8
12148;468;0;6
12149;408;0;20
12150;408;0;9
12151;408;0;2
12152;350;0;17
12153;519;0;11
12154;321;0;8
12155;321;0;4
12156;321;0;9
12157;321;0;18
12158;477;0;4
12159;477;0;4
12160;477;0;7
12161;477;0;18
12162;506;0;9
12163;494;0;3
12164;494;0;4
12165;494;0;22
12166;268;1;15
12167;268;1;11
12168;268;1;10
12169;268;1;15
12170;402;1;20
12171;402;1;16
12172;402;1;16
12173;402;1;21
12174;378;1;21
12175;378;1;10
12176;355;1;5
12177;355;1;10
12178;355;1;12
12179;283;1;14
12180;283;1;2
12181;283;1;2
12182;283;1;6
12183;497;1;9
12184;533;1;5
12185;278;1;6
12186;278;1;7
12187;278;1;15
12188;276;1;10
12189;276;1;16
12190;276;1;10
12191;427;2;13
12192;427;2;6
12193;457;2;19
12194;457;2;1
12195;457;2;11
12196;475;2;15
12197;475;2;20
12198;266;2;6
12199;266;2;17
12200;554;2;14
12201;554;2;14
12202;554;2;20
12203;261;2;11
12204;261;2;2
12205;261;2;21
12206;261;2;13
12207;264;2;3
12208;264;2;7
12209;264;2;11
12210;466;2;15
12211;521;2;2
12212;521;2;9
12213;445;3;5
12214;419;3;8
12215;419;3;14
12216;419;3;4
12217;419;3;18
12218;422;3;13
12219;454;3;15
12220;454;3;13
12221;454;3;3
12222;490;3;20
12223;276;3;22
12224;276;3;15
12225;458;3;18
12226;458;3;18
12227;458;3;21
12228;325;3;11
12229;325;3;16
12230;325;3;21
12231;451;3;10
12232;270;3;20
12233;270;3;19
12234;526;4;14
12235;526;4;12
12236;526;4;8
12237;526;4;1
12238;479;4;9
12239;479;4;22
12240;479;4;10
12241;479;4;2
12242;309;4;20
12243;309;4;10
12244;309;4;7
12245;381;4;12
12246;381;4;2
12247;381;4;9
12248;381;4;1
12249;365;4;22
12250;266;4;6
12251;266;4;13
12252;266;4;2
12253;281;4;12
12254;281;4;14
12255;281;4;16
12256;485;4;8
12257;529;4;16
12258;529;4;18
12259;529;4;15
12260;529;4;22
12261;367;4;16
12262;367;4;19
12263;367;4;15
12264;457;5;16
12265;457;5;6
12266;457;5;16
12267;528;5;2
12268;249;5;5
12269;349;5;9
12270;349;5;2
12271;349;5;1
12272;422;5;17
12273;422;5;19
12274;519;5;9
12275;284;5;6
12276;284;5;11
12277;284;5;6
12278;284;5;17
12279;448;5;9
12280;420;5;20
12281;420;5;5
12282;420;5;15
12283;362;5;1
12284;362;5;21
12285;362;5;9
12286;503;6;9
12287;503;6;12
12288;503;6;7
12289;302;6;12
12290;302;6;11
12291;256;6;8
12292;552;6;21
12293;552;6;8
12294;294;6;7
12295;294;6;10
12296;294;6;22
12297;294;6;22
12298;415;6;14
12299;415;6;16
12300;546;6;8
12301;546;6;10
12302;491;6;11
12303;491;6;19
12304;491;6;22
12305;491;6;6
12306;432;6;13
12307;432;6;13
12308;432;6;16
12309;432;6;11
12310;252;6;11
12311;252;6;21
12312;252;6;5
12313;393;7;17
12314;393;7;19
12315;393;7;11
12316;418;7;4
12317;328;7;19
12318;328;7;20
12319;328;7;10
12320;328;7;10
12321;254;7;5
12322;254;7;16
12323;317;7;9
12324;515;7;21
12325;394;7;21
12326;339;7;19
12327;339;7;15
12328;339;7;12
12329;468;7;4
12330;534;7;17
12331;534;7;5
12332;534;7;20
12333;534;7;7
12334;519;8;12
12335;519;8;18
12336;519;8;10
12337;519;8;15
12338;343;8;5
12339;343;8;6
12340;343;8;5
12341;343;8;11
12342;302;8;13
12343;345;8;13
12344;345;8;18
12345;309;8;19
12346;309;8;8
12347;309;8;7
12348;484;8;17
12349;416;8;22
12350;416;8;13
12351;319;8;2
12352;319;8;7
12353;319;8;6
12354;277;8;9
12355;537;8;14
12356;558;9;3
12357;256;9;21
12358;256;9;10
12359;256;9;7
12360;472;9;15
12361;472;9;1
12362;472;9;16
12363;334;9;11
12364;334;9;14
12365;334;9;6
12366;334;9;6
12367;333;9;10
12368;333;9;11
12369;333;9;21
12370;333;9;10
12371;470;9;15
12372;470;9;13
12373;470;9;12
12374;470;9;12
12375;324;9;16
12376;332;9;10
12377;332;9;22
12378;332;9;5
12379;516;9;6
12380;516;9;10
12381;516;9;13
12382;516;9;6
12383;286;10;20
12384;286;10;6
12385;286;10;13
12386;286;10;17
12387;356;10;5
12388;356;10;2
12389;356;10;8
12390;298;10;21
12391;298;10;10
12392;298;10;19
12393;522;10;18
12394;522;10;13
12395;541;10;18
12396;541;10;16
12397;285;10;13
12398;285;10;2
12399;445;10;5
12400;445;10;13
12401;561;10;5
12402;278;10;11
12403;474;10;6
12404;371;11;16
12405;511;11;1
12406;511;11;13
12407;511;11;6
12408;511;11;9
12409;546;11;6
12410;546;11;11
12411;546;11;12
12412;453;11;1
12413;410;11;7
12414;410;11;17
12415;406;11;5
12416;246;11;9
12417;246;11;10
12418;246;11;16
12419;478;11;16
12420;488;11;11
12421;488;11;1
12422;488;11;22
12423;488;11;16
12424;376;11;4
12425;376;11;13
12426;565;12;6
12427;473;12;16
12428;473;12;19
12429;473;12;8
12430;473;12;5
12431;459;12;2
12432;459;12;3
12433;461;12;20
12434;461;12;2
12435;261;12;9
12436;261;12;21
12437;261;12;7
12438;261;12;6
12439;382;12;19
12440;513;12;17
12441;513;12;18
12442;513;12;11
12443;513;12;11
12444;561;12;3
12445;561;12;3
12446;487;12;9
12447;413;12;17
12448;413;12;7
12449;413;12;22
12450;413;12;1
12451;292;13;12
12452;292;13;13
12453;292;13;20
12454;316;13;22
12455;316;13;8
12456;316;13;8
12457;316;13;7
12458;253;13;8
12459;518;13;1
12460;518;13;2
12461;518;13;3
12462;493;13;11
12463;493;13;9
12464;493;13;8
12465;408;13;9
12466;408;13;10
12467;408;13;7
12468;290;13;12
12469;346;13;3
12470;371;13;15
12471;270;13;16
12472;284;14;3
12473;284;14;19
12474;284;14;15
12475;421;14;16
12476;421;14;8
12477;287;14;19
12478;287;14;12
12479;370;14;12
12480;370;14;5
12481;411;14;15
12482;293;14;1
12483;276;14;16
12484;264;14;8
12485;264;14;21
12486;490;14;15
12487;490;14;7
12488;493;14;8
12489;469;15;13
12490;469;15;19
12491;556;15;15
12492;556;15;3
12493;402;15;17
12494;402;15;13
12495;402;15;5
12496;523;15;17
12497;523;15;22
12498;517;15;3
12499;380;15;4
12500;380;15;22
12501;463;15;2
12502;463;15;2
12503;463;15;20
12504;463;15;4
12505;403;15;21
12506;507;15;16
12507;507;15;8
12508;507;15;14
12509;507;15;19
12510;404;15;8
12511;339;16;9
12512;451;16;17
12513;451;16;1
12514;451;16;6
12515;451;16;17
12516;320;16;16
12517;320;16;9
12518;431;16;20
12519;427;16;9
12520;427;16;16
12521;427;16;9
12522;301;16;11
12523;504;16;15
12524;274;16;4
12525;274;16;6
12526;527;16;10
12527;527;16;17
12528;248;16;16
12529;248;16;10
12530;362;17;3
12531;466;17;1
12532;466;17;2
12533;466;17;13
12534;353;17;3
12535;353;17;9
12536;353;17;11
12537;463;17;5
12538;463;17;12
12539;463;17;9
12540;463;17;16
12541;337;17;6
12542;337;17;11
12543;337;17;13
12544;337;17;6
12545;389;17;3
12546;389;17;4
12547;432;17;12
12548;432;17;1
12549;432;17;1
12550;335;17;12
12551;296;17;6
12552;296;17;20
12553;534;17;22
12554;351;18;6
12555;351;18;9
12556;351;18;20
12557;494;18;18
12558;494;18;3
12559;494;18;7
12560;316;18;22
12561;316;18;4
12562;316;18;11
12563;316;18;18
12564;561;18;13
12565;561;18;15
12566;561;18;4
12567;561;18;7
12568;511;18;11
12569;511;18;3
12570;511;18;1
12571;511;18;22
12572;302;18;11
12573;302;18;1
12574;302;18;13
12575;302;18;11
12576;480;18;2
12577;480;18;6
12578;480;18;1
12579;296;18;13
12580;247;18;10
12581;247;18;10
12582;247;18;9
12583;247;18;20
12584;359;18;3
12585;359;18;22
12586;359;18;6
12587;359;18;5
12588;511;19;2
12589;511;19;5
12590;511;19;5
12591;453;19;20
12592;453;19;4
12593;453;19;21
12594;406;19;14
12595;533;19;11
12596;533;19;7
12597;533;19;9
12598;533;19;9
12599;498;19;6
12600;498;19;14
12601;498;19;17
12602;400;19;17
12603;400;19;3
12604;400;19;8
12605;400;19;6
12606;347;19;4
12607;347;19;5
12608;347;19;17
12609;347;19;9
12610;422;19;8
12611;510;19;18
12612;356;19;9
12613;356;19;10
12614;356;19;19
12615;356;19;8
12616;355;20;15
12617;355;20;20
12618;355;20;7
12619;355;20;21
12620;248;20;15
12621;248;20;8
12622;248;20;3
12623;304;20;1
12624;488;20;12
12625;488;20;11
12626;377;20;11
12627;377;20;10
12628;449;20;17
12629;449;20;21
12630;506;20;10
12631;506;20;16
12632;431;20;13
12633;431;20;3
12634;373;20;17
12635;373;20;16
12636;514;21;1
12637;514;21;21
12638;514;21;16
12639;374;21;16
12640;374;21;2
12641;374;21;20
12642;374;21;11
12643;353;21;17
12644;539;21;13
12645;539;21;1
12646;539;21;4
12647;298;21;1
12648;298;21;11
12649;298;21;19
12650;411;21;7
12651;411;21;8
12652;411;21;20
12653;411;21;16
12654;380;21;2
12655;380;21;12
12656;380;21;22
12657;380;21;12
12658;487;21;18
12659;487;21;7
12660;487;21;21
12661;370;21;14
12662;370;21;2
12663;370;21;3
12664;388;22;14
12665;388;22;18
12666;388;22;4
12667;453;22;22
12668;453;22;7
12669;453;22;22
12670;273;22;16
12671;273;22;9
12672;413;22;15
12673;413;22;13
12674;413;22;14
12675;304;22;20
12676;304;22;9
12677;475;22;3
12678;306;22;18
12679;386;22;5
12680;386;22;3
12681;386;22;9
12682;386;22;17
12683;532;22;11
12684;532;22;15
12685;504;22;10
12686;504;22;2
12687;504;22;15
12688;504;22;8
12689;288;23;1
12690;288;23;16
12691;288;23;17
12692;288;23;8
12693;255;23;17
12694;255;23;12
12695;255;23;8
12696;392;23;10
12697;506;23;4
12698;506;23;4
12699;506;23;19
12700;506;23;1
12701;425;23;9
12702;425;23;21
12703;349;23;20
12704;349;23;18
12705;349;23;14
12706;349;23;2
12707;436;23;6
12708;395;23;11
12709;395;23;16
12710;395;23;18
12711;395;23;22
12712;430;23;1
12713;430;23;6
12714;508;23;10
12715;508;23;5
12716;508;23;15
12717;508;23;19
12718;420;24;10
12719;420;24;6
12720;420;24;11
12721;540;24;16
12722;432;24;13
12723;432;24;6
12724;432;24;15
12725;440;24;15
12726;440;24;1
12727;440;24;4
12728;411;24;10
12729;411;24;2
12730;411;24;10
12731;382;24;13
12732;382;24;3
12733;382;24;16
12734;345;24;19
12735;345;24;13
12736;434;24;21
12737;481;24;21
12738;481;24;9
12739;481;24;9
12740;481;24;19
12741;332;24;13
12742;332;24;9
12743;332;24;11
12744;265;25;8
12745;265;25;12
12746;265;25;9
12747;268;25;15
12748;268;25;15
12749;268;25;18
12750;502;25;3
12751;385;25;7
12752;385;25;6
12753;385;25;18
12754;385;25;16
12755;534;25;14
12756;534;25;2
12757;534;25;16
12758;534;25;19
12759;469;25;10
12760;542;25;21
12761;542;25;17
12762;542;25;16
12763;542;25;14
12764;457;25;6
12765;457;25;18
12766;457;25;2
12767;457;25;11
12768;430;25;7
12769;430;25;18
12770;430;25;17
12771;430;25;20
12772;468;25;21
12773;509;26;1
12774;509;26;12
12775;309;26;11
12776;309;26;5
12777;309;26;15
12778;540;26;4
12779;540;26;15
12780;540;26;10
12781;331;26;13
12782;505;26;12
12783;505;26;8
12784;505;26;5
12785;505;26;10
12786;549;26;15
12787;549;26;21
12788;549;26;1
12789;414;26;12
12790;414;26;7
12791;414;26;2
12792;414;26;11
12793;360;26;22
12794;360;26;1
12795;360;26;22
12796;516;26;9
12797;542;27;6
12798;552;27;14
12799;552;27;16
12800;552;27;10
12801;552;27;16
12802;462;27;3
12803;545;27;4
12804;545;27;19
12805;517;27;12
12806;517;27;14
12807;517;27;6
12808;414;27;14
12809;414;27;7
12810;414;27;6
12811;414;27;13
12812;266;27;10
12813;399;27;22
12814;248;27;9
12815;248;27;16
12816;488;27;14
12817;376;28;15
12818;439;28;19
12819;439;28;10
12820;472;28;15
12821;472;28;17
12822;472;28;12
12823;445;28;21
12824;445;28;13
12825;445;28;19
12826;445;28;12
12827;485;28;15
12828;485;28;17
12829;485;28;12
12830;266;28;6
12831;266;28;2
12832;266;28;9
12833;266;28;15
12834;319;28;18
12835;319;28;2
12836;319;28;19
12837;319;28;15
12838;252;28;5
12839;252;28;1
12840;252;28;1
12841;538;28;12
12842;538;28;8
12843;538;28;11
12844;538;28;13
12845;523;28;2
12846;523;28;1
12847;523;28;14
12848;374;29;2
12849;545;29;8
12850;545;29;22
12851;532;29;20
12852;528;29;7
12853;528;29;17
12854;528;29;20
12855;565;29;21
12856;565;29;13
12857;565;29;16
12858;565;29;1
12859;357;29;2
12860;357;29;8
12861;246;29;1
12862;246;29;3
12863;246;29;7
12864;506;29;20
12865;506;29;15
12866;506;29;7
12867;506;29;5
12868;354;29;3
12869;473;29;11
12870;400;30;15
12871;400;30;19
12872;400;30;8
12873;400;30;8
12874;498;30;18
12875;498;30;20
12876;498;30;22
12877;320;30;7
12878;532;30;4
12879;532;30;4
12880;356;30;22
12881;279;30;11
12882;279;30;3
12883;279;30;15
12884;372;30;7
12885;372;30;13
12886;372;30;3
12887;524;30;10
12888;524;30;10
12889;524;30;8
12890;524;30;20
12891;434;30;8
12892;434;30;5
12893;434;30;16
12894;366;30;1
12895;366;30;6
12896;448;31;9
12897;448;31;16
12898;448;31;21
12899;388;31;11
12900;455;31;20
12901;455;31;18
12902;455;31;18
12903;455;31;17
12904;508;31;15
12905;508;31;8
12906;508;31;13
12907;337;31;1
12908;337;31;9
12909;337;31;17
12910;316;31;2
12911;316;31;17
12912;316;31;13
12913;403;31;2
12914;403;31;11
12915;403;31;22
12916;403;31;6
12917;254;31;3
12918;254;31;18
12919;254;31;17
12920;254;31;4
12921;311;31;6
12922;311;31;6
12923;311;31;18
12924;431;32;9
12925;542;32;12
12926;542;32;16
12927;442;32;22
12928;442;32;16
12929;403;32;16
12930;403;32;12
12931;403;32;4
12932;387;32;4
12933;387;32;7
12934;387;32;15
12935;564;32;5
12936;564;32;22
12937;266;32;18
12938;266;32;19
12939;266;32;17
12940;266;32;11
12941;500;32;1
12942;500;32;16
12943;500;32;1
12944;547;32;13
12945;547;32;20
12946;547;32;3
12947;547;32;7
12948;406;32;18
12949;406;32;22
12950;406;32;11
12951;406;32;1
12952;414;33;10
12953;414;33;13
12954;327;33;8
12955;290;33;10
12956;290;33;3
12957;290;33;5
12958;290;33;21
12959;342;33;3
12960;342;33;16
12961;334;33;6
12962;334;33;9
12963;334;33;22
12964;445;33;15
12965;445;33;18
12966;364;33;15
12967;364;33;14
12968;364;33;22
12969;364;33;17
12970;507;33;18
12971;451;33;19
12972;451;33;16
12973;460;34;7
12974;460;34;5
12975;362;34;19
12976;362;34;12
12977;385;34;15
12978;385;34;11
12979;418;34;1
12980;418;34;9
12981;418;34;19
12982;418;34;17
12983;320;34;19
12984;320;34;19
12985;320;34;9
12986;552;34;21
12987;552;34;21
12988;552;34;10
12989;552;34;8
12990;336;34;1
12991;336;34;15
12992;336;34;19
12993;269;34;10
12994;269;34;5
12995;269;34;1
12996;437;34;7
12997;494;34;13
12998;494;34;4
12999;494;34;20
13000;520;35;15
13001;471;35;4
13002;471;35;8
13003;471;35;20
13004;498;35;18
13005;498;35;14
13006;498;35;19
13007;289;35;11
13008;289;35;20
13009;289;35;7
13010;289;35;10
13011;287;35;21
13012;287;35;17
13013;287;35;21
13014;424;35;12
13015;424;35;10
13016;424;35;5
13017;424;35;16
13018;301;35;5
13019;301;35;7
13020;301;35;21
13021;483;35;3
13022;483;35;7
13023;483;35;5
13024;483;35;8
13025;390;35;14
13026;390;35;16
13027;390;35;2
13028;390;35;17
13029;359;35;12
13030;359;35;15
13031;359;35;19
13032;259;36;19
13033;259;36;22
13034;438;36;13
13035;274;36;13
13036;274;36;9
13037;274;36;9
13038;274;36;18
13039;518;36;5
13040;518;36;9
13041;518;36;19
13042;367;36;2
13043;367;36;11
13044;343;36;14
13045;358;36;18
13046;358;36;12
13047;358;36;13
13048;420;36;3
13049;420;36;21
13050;420;36;16
13051;459;36;12
13052;459;36;4
13053;459;36;3
13054;518;37;7
13055;518;37;16
13056;463;37;9
13057;252;37;12
13058;252;37;15
13059;252;37;10
13060;370;37;14
13061;370;37;16
13062;417;37;13
13063;417;37;3
13064;417;37;13
13065;315;37;5
13066;315;37;1
13067;315;37;6
13068;315;37;11
13069;403;37;21
13070;403;37;1
13071;403;37;21
13072;403;37;7
13073;270;37;1
13074;270;37;14
13075;329;37;20
13076;402;37;6
13077;402;37;15
13078;402;37;5
13079;402;37;21
13080;473;38;19
13081;473;38;3
13082;473;38;8
13083;563;38;11
13084;563;38;4
13085;563;38;9
13086;563;38;5
13087;309;38;1
13088;309;38;2
13089;309;38;1
13090;309;38;8
13091;298;38;12
13092;298;38;12
13093;298;38;20
13094;298;38;15
13095;452;38;8
13096;452;38;15
13097;509;38;3
13098;396;38;11
13099;396;38;1
13100;247;38;11
13101;301;38;11
13102;301;38;19
13103;301;38;8
13104;301;38;4
13105;476;38;22
13106;476;38;3
13107;476;38;15
13108;476;38;7
13109;389;39;17
13110;389;39;13
13111;389;39;19
13112;389;39;3
13113;448;39;6
13114;362;39;7
13115;362;39;6
13116;362;39;8
13117;362;39;8
13118;542;39;22
13119;542;39;17
13120;438;39;1
13121;438;39;17
13122;438;39;1
13123;268;39;12
13124;268;39;11
13125;268;39;21
13126;268;39;20
13127;385;39;8
13128;385;39;5
13129;356;39;19
13130;356;39;10
13131;356;39;21
13132;466;39;19
13133;466;39;13
13134;520;39;16
13135;520;39;17
13136;520;39;19
13137;454;40;19
13138;454;40;3
13139;454;40;11
13140;454;40;16
13141;544;40;3
13142;544;40;10
13143;544;40;2
13144;544;40;19
13145;416;40;13
13146;416;40;21
13147;416;40;6
13148;543;40;15
13149;303;40;12
13150;303;40;19
13151;303;40;16
13152;303;40;9
13153;465;40;1
13154;465;40;12
13155;465;40;4
13156;465;40;20
13157;373;40;22
13158;373;40;11
13159;438;40;7
13160;438;40;1
13161;438;40;19
13162;438;40;4
13163;538;40;4
13164;538;40;20
13165;538;40;1
13166;538;40;17
13167;267;41;17
13168;267;41;22
13169;267;41;6
13170;267;41;8
13171;277;41;7
13172;399;41;16
13173;399;41;7
13174;399;41;4
13175;554;41;5
13176;554;41;20
13177;554;41;1
13178;554;41;10
13179;452;41;19
13180;262;41;8
13181;262;41;19
13182;262;41;15
13183;374;41;21
13184;491;41;13
13185;491;41;13
13186;388;41;17
13187;388;41;11
13188;388;41;21
13189;255;41;17
13190;255;41;17
13191;255;41;20
13192;255;41;22
13193;538;42;12
13194;538;42;16
13195;342;42;19
13196;342;42;9
13197;303;42;15
13198;303;42;8
13199;303;42;22
13200;510;42;4
13201;315;42;17
13202;315;42;13
13203;315;42;8
13204;315;42;7
13205;316;42;21
13206;316;42;6
13207;316;42;13
13208;346;42;22
13209;277;42;12
13210;277;42;13
13211;277;42;17
13212;277;42;6
13213;498;42;8
13214;498;42;1
13215;395;42;1
13216;395;42;2
13217;497;43;16
13218;292;43;4
13219;370;43;11
13220;370;43;2
13221;375;43;14
13222;375;43;8
13223;375;43;10
13224;514;43;20
13225;514;43;1
13226;496;43;14
13227;496;43;12
13228;496;43;3
13229;496;43;18
13230;393;43;10
13231;393;43;9
13232;393;43;13
13233;331;43;20
13234;331;43;7
13235;331;43;14
13236;331;43;8
13237;322;43;22
13238;322;43;21
13239;395;43;3
13240;395;43;17
13241;395;43;16
13242;290;44;5
13243;290;44;3
13244;290;44;4
13245;290;44;11
13246;268;44;2
13247;375;44;15
13248;375;44;8
13249;329;44;15
13250;454;44;8
13251;454;44;17
13252;454;44;19
13253;357;44;15
13254;357;44;10
13255;357;44;15
13256;357;44;15
13257;294;44;4
13258;374;44;5
13259;374;44;20
13260;335;44;5
13261;335;44;14
13262;335;44;9
13263;335;44;17
13264;421;44;4
13265;421;44;7
13266;460;45;9
13267;534;45;21
13268;534;45;8
13269;457;45;9
13270;457;45;21
13271;549;45;14
13272;549;45;19
13273;549;45;14
13274;549;45;19
13275;357;45;13
13276;357;45;4
13277;357;45;22
13278;357;45;1
13279;487;45;3
13280;487;45;2
13281;487;45;17
13282;472;45;19
13283;474;45;13
13284;474;45;10
13285;474;45;19
13286;474;45;18
13287;473;45;13
13288;523;46;12
13289;523;46;10
13290;523;46;8
13291;523;46;8
13292;434;46;1
13293;434;46;7
13294;441;46;7
13295;441;46;16
13296;441;46;6
13297;441;46;13
13298;288;46;13
13299;288;46;1
13300;287;46;15
13301;287;46;11
13302;287;46;9
13303;287;46;17
13304;542;46;1
13305;542;46;6
13306;542;46;7
13307;474;46;14
13308;474;46;21
13309;269;46;22
13310;269;46;12
13311;269;46;4
13312;269;46;15
13313;286;46;2
13314;436;47;10
13315;288;47;5
13316;288;47;17
13317;288;47;22
13318;415;47;16
13319;415;47;19
13320;415;47;9
13321;560;47;12
13322;560;47;9
13323;560;47;10
13324;532;47;14
13325;532;47;5
13326;532;47;8
13327;515;47;19
13328;515;47;4
13329;515;47;11
13330;515;47;5
13331;534;47;1
13332;540;47;2
13333;540;47;12
13334;540;47;22
13335;540;47;17
13336;302;47;13
13337;302;47;12
13338;302;47;9
13339;525;47;13
13340;525;47;4
13341;267;48;16
13342;267;48;10
13343;538;48;20
13344;509;48;19
13345;323;48;18
13346;323;48;5
13347;323;48;11
13348;323;48;4
13349;502;48;7
13350;502;48;18
13351;283;48;5
13352;283;48;20
13353;283;48;15
13354;283;48;5
13355;325;48;4
13356;325;48;22
13357;325;48;20
13358;480;48;16
13359;393;48;19
13360;402;48;22
13361;402;48;22
13362;402;48;1
13363;402;48;22
13364;255;49;17
13365;255;49;15
13366;487;49;19
13367;487;49;7
13368;424;49;8
13369;424;49;7
13370;416;49;13
13371;438;49;8
13372;438;49;14
13373;438;49;11
13374;423;49;17
13375;423;49;7
13376;423;49;11
13377;423;49;18
13378;393;49;14
13379;393;49;7
13380;332;49;12
13381;332;49;18
13382;332;49;4
13383;288;49;1
13384;479;49;18
13385;479;49;6
13386;479;49;11
13387;479;49;5
13388;248;21;12
13389;248;21;3
13390;248;21;9
13391;248;21;9
13392;545;9;9
13393;545;9;19
13394;545;9;6
13395;380;1;9
13396;380;1;7
13397;380;1;19
13398;380;1;3
13399;485;31;2
13400;485;31;4
13401;485;31;15
13402;515;26;5
13403;515;26;14
13404;439;36;11
13405;439;36;21
13406;439;36;20
13407;439;36;1
13408;7063;0;3
13409;7055;0;10
13410;7055;0;10
13411;440;0;3
13412;440;0;4
13413;313;0;21
13414;313;0;14
13415;313;0;8
13416;330;0;20
13417;330;0;9
13418;330;0;12
13419;330;0;9
13420;6890;0;7
13421;6890;0;6
13422;545;0;2
13423;545;0;12
13424;545;0;22
13425;545;0;16
13426;7091;0;17
13427;288;0;13
13428;288;0;2
13429;6927;0;4
13430;387;1;9
13431;387;1;12
13432;387;1;6
13433;306;1;18
13434;306;1;12
13435;306;1;2
13436;448;1;15
13437;381;1;15
13438;381;1;10
13439;546;1;17
13440;546;1;14
13441;546;1;19
13442;546;1;3
13443;7044;1;2
13444;7044;1;15
13445;423;1;1
13446;423;1;2
13447;423;1;14
13448;551;1;17
13449;551;1;7
13450;7012;1;19
13451;7012;1;14
13452;7012;1;15
13453;539;1;10
13454;539;1;19
13455;539;1;13
13456;539;1;9
13457;330;3;22
13458;6897;3;20
13459;6897;3;5
13460;6897;3;1
13461;554;3;16
13462;554;3;19
13463;7068;3;20
13464;7068;3;9
13465;7068;3;3
13466;7065;3;11
13467;7065;3;14
13468;6974;3;12
13469;6974;3;20
13470;6974;3;8
13471;6974;3;10
13472;267;3;4
13473;267;3;2
13474;267;3;5
13475;6931;3;9
13476;6931;3;2
13477;6931;3;16
13478;306;3;22
13479;306;3;22
13480;306;3;4
13481;306;3;6
13482;6880;3;3
13483;6880;3;20
13484;6880;3;5
13485;7087;4;14
13486;7087;4;16
13487;466;4;17
13488;466;4;19
13489;297;4;20
13490;297;4;11
13491;297;4;9
13492;297;4;4
13493;478;4;19
13494;7035;4;22
13495;7035;4;6
13496;7035;4;21
13497;7035;4;11
13498;341;4;12
13499;341;4;15
13500;341;4;16
13501;341;4;14
13502;501;4;1
13503;501;4;2
13504;6907;4;21
13505;6907;4;6
13506;6907;4;19
13507;465;4;8
13508;465;4;16
13509;465;4;18
13510;420;4;6
13511;7074;5;3
13512;7074;5;21
13513;7074;5;7
13514;6951;5;8
13515;7055;5;22
13516;7078;5;14
13517;7078;5;22
13518;7078;5;2
13519;7078;5;22
13520;317;5;8
13521;317;5;6
13522;317;5;6
13523;317;5;9
13524;500;5;16
13525;500;5;1
13526;500;5;11
13527;293;5;16
13528;293;5;8
13529;303;5;15
13530;303;5;14
13531;303;5;16
13532;303;5;18
13533;7118;5;2
13534;7118;5;19
13535;286;5;15
13536;286;5;18
13537;286;5;12
13538;6946;6;7
13539;6946;6;7
13540;6946;6;15
13541;455;6;9
13542;455;6;9
13543;455;6;2
13544;283;6;21
13545;283;6;7
13546;409;6;10
13547;409;6;2
13548;409;6;8
13549;6912;6;9
13550;6912;6;6
13551;411;6;17
13552;463;6;22
13553;516;6;16
13554;516;6;10
13555;392;6;2
13556;392;6;7
13557;501;6;6
13558;501;6;7
13559;501;6;7
13560;501;6;12
13561;6868;7;17
13562;6868;7;3
13563;6868;7;6
13564;7042;7;9
13565;7031;7;21
13566;553;7;19
13567;553;7;21
13568;553;7;8
13569;6984;7;6
13570;7065;7;1
13571;7065;7;18
13572;7065;7;10
13573;7114;7;11
13574;7114;7;2
13575;491;7;13
13576;491;7;21
13577;451;7;6
13578;451;7;8
13579;451;7;7
13580;506;8;5
13581;6944;8;15
13582;332;8;22
13583;555;8;8
13584;555;8;5
13585;555;8;1
13586;6893;8;20
13587;6893;8;2
13588;523;8;14
13589;523;8;3
13590;523;8;10
13591;523;8;8
13592;6986;8;1
13593;6986;8;8
13594;6903;8;3
13595;6997;8;19
13596;6997;8;18
13597;6997;8;11
13598;6997;8;10
13599;528;8;4
13600;6926;9;18
13601;6926;9;1
13602;6926;9;18
13603;7109;9;10
13604;7109;9;14
13605;7109;9;6
13606;7109;9;7
13607;6958;9;13
13608;266;9;18
13609;266;9;18
13610;7078;9;13
13611;6878;9;6
13612;6878;9;15
13613;429;9;12
13614;429;9;7
13615;7032;9;7
13616;7032;9;21
13617;7032;9;19
13618;7032;9;2
13619;6993;9;19
13620;6993;9;6
13621;6869;9;7
13622;6869;9;4
13623;6869;9;2
13624;7022;10;13
13625;7022;10;19
13626;7129;10;22
13627;7129;10;5
13628;478;10;4
13629;478;10;1
13630;478;10;6
13631;7108;10;22
13632;7108;10;10
13633;6979;10;16
13634;6979;10;6
13635;277;10;6
13636;277;10;17
13637;7065;10;15
13638;7065;10;8
13639;7065;10;20
13640;464;10;19
13641;464;10;22
13642;464;10;8
13643;339;10;10
13644;396;10;13
13645;492;11;5
13646;492;11;17
13647;323;11;11
13648;323;11;16
13649;6957;11;6
13650;6912;11;20
13651;6912;11;8
13652;6925;11;15
13653;247;11;22
13654;247;11;10
13655;247;11;17
13656;247;11;16
13657;369;11;19
13658;369;11;6
13659;369;11;12
13660;6872;11;9
13661;6872;11;2
13662;6944;11;3
13663;6944;11;10
13664;6944;11;1
13665;351;11;9
13666;351;11;16
13667;351;11;21
13668;351;11;15
13669;6853;12;17
13670;6987;12;22
13671;6987;12;5
13672;6987;12;13
13673;6946;12;22
13674;7009;12;19
13675;7009;12;8
13676;7002;12;5
13677;6904;12;20
13678;6904;12;13
13679;6904;12;13
13680;6904;12;10
13681;329;12;5
13682;329;12;8
13683;329;12;17
13684;329;12;17
13685;7010;12;7
13686;7010;12;18
13687;6902;12;17
13688;6902;12;6
13689;6902;12;14
13690;352;12;14
13691;352;12;7
13692;352;12;1
13693;6882;13;5
13694;6882;13;16
13695;6882;13;18
13696;366;13;1
13697;366;13;15
13698;7049;13;6
13699;7049;13;14
13700;6856;13;22
13701;521;13;5
13702;521;13;12
13703;429;13;7
13704;429;13;21
13705;368;13;17
13706;368;13;8
13707;368;13;11
13708;368;13;22
13709;7004;13;15
13710;7004;13;10
13711;6861;13;11
13712;6861;13;17
13713;6861;13;15
13714;6861;13;7
13715;6886;14;18
13716;6886;14;5
13717;6886;14;8
13718;485;14;19
13719;485;14;17
13720;485;14;21
13721;527;14;13
13722;527;14;1
13723;527;14;11
13724;527;14;4
13725;563;14;7
13726;563;14;7
13727;281;14;5
13728;281;14;18
13729;566;14;14
13730;566;14;18
13731;397;14;16
13732;397;14;3
13733;397;14;6
13734;291;14;3
13735;291;14;2
13736;486;14;4
13737;7077;14;13
13738;7077;14;7
13739;7077;14;9
13740;472;15;7
13741;6984;15;20
13742;6984;15;14
13743;6984;15;12
13744;6984;15;22
13745;334;15;4
13746;334;15;7
13747;334;15;22
13748;334;15;19
13749;6887;15;9
13750;262;15;13
13751;281;15;21
13752;281;15;9
13753;428;15;20
13754;428;15;5
13755;428;15;11
13756;6896;15;10
13757;352;15;15
13758;352;15;20
13759;320;15;10
13760;320;15;12
13761;320;15;21
13762;320;15;19
13763;7093;16;2
13764;7093;16;1
13765;7093;16;12
13766;7093;16;8
13767;300;16;18
13768;6989;16;19
13769;6989;16;10
13770;6989;16;10
13771;7132;16;10
13772;6941;16;17
13773;6941;16;21
13774;372;16;19
13775;372;16;14
13776;7101;16;15
13777;7052;16;1
13778;7052;16;19
13779;302;16;10
13780;302;16;4
13781;302;16;20
13782;366;16;4
13783;6962;17;18
13784;6962;17;2
13785;6962;17;22
13786;246;17;7
13787;7013;17;2
13788;329;17;16
13789;329;17;14
13790;329;17;2
13791;329;17;1
13792;6893;17;2
13793;6893;17;1
13794;6893;17;1
13795;6893;17;2
13796;331;17;21
13797;331;17;8
13798;331;17;14
13799;331;17;20
13800;423;17;5
13801;423;17;11
13802;423;17;2
13803;345;17;19
13804;6973;17;2
13805;6973;17;20
13806;6973;17;12
13807;6973;17;16
13808;399;17;14
13809;399;17;3
13810;399;17;10
13811;470;18;10
13812;470;18;19
13813;284;18;20
13814;284;18;20
13815;487;18;13
13816;487;18;10
13817;487;18;5
13818;6970;18;14
13819;6970;18;10
13820;6970;18;2
13821;7025;18;5
13822;7043;18;3
13823;7043;18;20
13824;7043;18;8
13825;7043;18;17
13826;277;18;6
13827;277;18;21
13828;277;18;5
13829;6907;18;15
13830;7033;18;12
13831;7033;18;8
13832;7033;18;2
13833;538;18;21
13834;538;18;13
13835;338;19;10
13836;338;19;2
13837;338;19;21
13838;6960;19;22
13839;6960;19;2
13840;6960;19;14
13841;262;19;19
13842;6929;19;6
13843;6929;19;11
13844;6913;19;20
13845;6913;19;8
13846;6913;19;20
13847;6913;19;14
13848;549;19;18
13849;549;19;15
13850;549;19;17
13851;6923;19;20
13852;539;19;18
13853;7050;19;21
13854;7050;19;2
13855;7054;19;4
13856;6892;20;16
13857;6892;20;19
13858;490;20;13
13859;490;20;3
13860;7134;20;9
13861;7134;20;21
13862;7134;20;6
13863;7134;20;4
13864;365;20;9
13865;365;20;11
13866;365;20;22
13867;360;20;15
13868;360;20;19
13869;360;20;5
13870;471;20;11
13871;471;20;16
13872;7116;20;20
13873;251;20;6
13874;251;20;4
13875;251;20;16
13876;251;20;21
13877;7139;20;4
13878;7139;20;13
13879;7139;20;20
13880;7076;20;3
13881;7076;20;12
13882;7076;20;14
13883;7003;21;8
13884;7003;21;6
13885;7003;21;1
13886;329;21;18
13887;7068;21;12
13888;7068;21;4
13889;7068;21;18
13890;7097;21;6
13891;7097;21;4
13892;6995;21;2
13893;6995;21;20
13894;6995;21;15
13895;7054;21;13
13896;7054;21;13
13897;7054;21;21
13898;6957;21;7
13899;6957;21;21
13900;265;21;10
13901;7042;21;2
13902;340;22;15
13903;340;22;15
13904;340;22;9
13905;440;22;22
13906;440;22;22
13907;265;22;22
13908;265;22;10
13909;6909;22;20
13910;6909;22;14
13911;248;22;19
13912;248;22;10
13913;7129;22;11
13914;7129;22;17
13915;7129;22;3
13916;7129;22;2
13917;329;22;5
13918;329;22;2
13919;329;22;12
13920;560;22;15
13921;560;22;7
13922;560;22;1
13923;560;22;7
13924;552;23;17
13925;552;23;14
13926;552;23;10
13927;552;23;21
13928;7028;23;4
13929;7028;23;1
13930;7028;23;18
13931;440;23;14
13932;7063;23;20
13933;7063;23;6
13934;7063;23;9
13935;6934;23;21
13936;6934;23;13
13937;6934;23;12
13938;7124;23;4
13939;7124;23;16
13940;7124;23;16
13941;7124;23;3
13942;294;23;21
13943;368;23;14
13944;368;23;19
13945;6855;23;8
13946;6855;23;16
13947;516;23;15
13948;516;23;13
13949;7072;24;7
13950;7072;24;5
13951;272;24;8
13952;272;24;7
13953;6912;24;16
13954;6912;24;13
13955;6912;24;11
13956;7102;24;18
13957;7102;24;22
13958;6963;24;20
13959;6963;24;1
13960;6963;24;3
13961;255;24;5
13962;255;24;4
13963;255;24;4
13964;255;24;2
13965;7037;24;10
13966;7037;24;22
13967;309;24;12
13968;7079;24;7
13969;7003;24;21
13970;7003;24;4
13971;7003;24;6
13972;7003;24;15
13973;7020;25;9
13974;7020;25;17
13975;7020;25;2
13976;7020;25;5
13977;6904;25;9
13978;6904;25;1
13979;6904;25;3
13980;432;25;12
13981;432;25;3
13982;432;25;11
13983;253;25;22
13984;253;25;10
13985;253;25;5
13986;253;25;20
13987;6960;25;12
13988;6960;25;10
13989;415;25;19
13990;415;25;17
13991;470;25;6
13992;470;25;18
13993;337;25;9
13994;337;25;16
13995;337;25;13
13996;358;25;13
13997;358;25;7
13998;486;28;11
13999;486;28;7
14000;486;28;1
14001;7032;28;15
14002;7032;28;17
14003;7032;28;3
14004;552;28;19
14005;552;28;21
14006;552;28;20
14007;552;28;13
14008;7079;28;6
14009;7079;28;19
14010;7079;28;14
14011;7119;28;20
14012;7033;28;6
14013;7033;28;11
14014;7033;28;13
14015;250;28;14
14016;250;28;21
14017;250;28;17
14018;250;28;20
14019;409;28;10
14020;409;28;2
14021;409;28;5
14022;7015;28;5
14023;7015;28;6
14024;7015;28;11
14025;7006;29;5
14026;551;29;14
14027;551;29;17
14028;554;29;12
14029;554;29;22
14030;6981;29;14
14031;6981;29;16
14032;6981;29;6
14033;6981;29;6
14034;7115;29;2
14035;7115;29;12
14036;7115;29;10
14037;313;29;1
14038;313;29;7
14039;313;29;21
14040;313;29;7
14041;6956;29;16
14042;6956;29;20
14043;307;29;12
14044;307;29;12
14045;307;29;18
14046;307;29;16
14047;7091;29;9
14048;7091;29;7
14049;264;29;16
14050;264;29;10
14051;264;29;17
14052;264;29;7
14053;7066;30;21
14054;7066;30;21
14055;7066;30;13
14056;7066;30;3
14057;394;30;6
14058;6985;30;14
14059;6985;30;2
14060;6985;30;8
14061;430;30;17
14062;430;30;16
14063;430;30;4
14064;7076;30;12
14065;7076;30;19
14066;7076;30;18
14067;7076;30;14
14068;559;30;20
14069;559;30;18
14070;559;30;1
14071;433;30;3
14072;349;30;7
14073;349;30;21
14074;482;30;19
14075;482;30;15
14076;6900;31;4
14077;6900;31;20
14078;6900;31;3
14079;6900;31;8
14080;6969;31;4
14081;6969;31;10
14082;276;31;9
14083;276;31;6
14084;460;31;4
14085;460;31;6
14086;275;31;13
14087;275;31;6
14088;275;31;8
14089;275;31;6
14090;285;31;14
14091;285;31;4
14092;285;31;12
14093;285;31;2
14094;6864;31;21
14095;6977;31;1
14096;6977;31;16
14097;6862;31;13
14098;6862;31;4
14099;6862;31;6
14100;6862;31;15
14101;6989;31;14
14102;6989;31;19
14103;6989;31;2
14104;367;32;4
14105;367;32;15
14106;367;32;9
14107;7032;32;8
14108;7045;32;9
14109;7045;32;19
14110;7045;32;21
14111;310;32;16
14112;7142;32;14
14113;312;32;22
14114;6878;32;15
14115;282;32;19
14116;282;32;22
14117;282;32;9
14118;6892;32;4
14119;6892;32;16
14120;6892;32;12
14121;6892;32;18
14122;6886;33;4
14123;408;33;12
14124;408;33;8
14125;408;33;17
14126;524;33;16
14127;319;33;5
14128;248;33;1
14129;248;33;4
14130;565;33;17
14131;565;33;3
14132;6884;33;18
14133;6884;33;22
14134;6995;33;22
14135;6995;33;21
14136;6995;33;7
14137;6995;33;15
14138;6894;33;22
14139;554;33;2
14140;522;34;5
14141;522;34;11
14142;563;34;14
14143;563;34;13
14144;563;34;13
14145;7045;34;8
14146;7072;34;19
14147;7072;34;22
14148;361;34;20
14149;361;34;2
14150;361;34;17
14151;361;34;17
14152;282;34;10
14153;282;34;10
14154;282;34;5
14155;521;34;11
14156;521;34;9
14157;339;34;14
14158;339;34;19
14159;339;34;4
14160;6951;34;20
14161;6951;34;10
14162;6951;34;8
14163;6951;34;17
14164;7076;34;10
14165;6876;35;17
14166;6876;35;13
14167;6876;35;9
14168;6876;35;14
14169;7123;35;12
14170;7123;35;18
14171;7123;35;2
14172;7123;35;22
14173;6873;35;2
14174;348;35;19
14175;7042;35;20
14176;7042;35;10
14177;7042;35;13
14178;468;35;20
14179;468;35;22
14180;468;35;16
14181;267;35;22
14182;330;35;16
14183;330;35;10
14184;330;35;8
14185;330;35;10
14186;6987;35;11
14187;6987;35;6
14188;6987;35;17
14189;6987;35;10
14190;7144;35;1
14191;7010;36;7
14192;7109;36;14
14193;7109;36;15
14194;7109;36;11
14195;7109;36;10
14196;396;36;16
14197;396;36;13
14198;6885;36;7
14199;6885;36;9
14200;6885;36;1
14201;6885;36;1
14202;7023;36;4
14203;7023;36;5
14204;7023;36;11
14205;7023;36;5
14206;454;36;14
14207;454;36;9
14208;454;36;20
14209;407;36;5
14210;407;36;8
14211;7102;36;11
14212;458;36;7
14213;458;36;14
14214;458;36;16
14215;458;36;11
14216;6855;36;3
14217;6855;36;16
14218;6855;36;21
14219;546;37;11
14220;7014;37;16
14221;7014;37;6
14222;429;37;21
14223;429;37;3
14224;6948;37;10
14225;6948;37;21
14226;6948;37;16
14227;6948;37;2
14228;7131;37;22
14229;7131;37;21
14230;7131;37;10
14231;7117;37;20
14232;7117;37;21
14233;7117;37;5
14234;7093;37;4
14235;7093;37;8
14236;7105;37;20
14237;7105;37;6
14238;7105;37;4
14239;7105;37;14
14240;7055;38;7
14241;7055;38;20
14242;7055;38;2
14243;7055;38;6
14244;7117;38;1
14245;7071;38;21
14246;7071;38;9
14247;7071;38;22
14248;7071;38;22
14249;351;38;7
14250;351;38;20
14251;261;38;18
14252;6908;38;18
14253;6908;38;15
14254;6908;38;17
14255;6962;38;4
14256;422;38;18
14257;6924;38;17
14258;6924;38;7
14259;6924;38;21
14260;544;39;8
14261;544;39;4
14262;544;39;17
14263;544;39;12
14264;516;39;3
14265;253;39;14
14266;6895;39;12
14267;6895;39;22
14268;6895;39;22
14269;6895;39;12
14270;6972;39;21
14271;557;39;21
14272;557;39;4
14273;557;39;6
14274;557;39;4
14275;413;39;5
14276;406;39;12
14277;406;39;19
14278;294;39;4
14279;294;39;15
14280;294;39;6
14281;294;39;12
14282;7052;39;16
14283;7020;40;3
14284;7020;40;1
14285;7020;40;18
14286;7020;40;5
14287;563;40;7
14288;563;40;17
14289;563;40;3
14290;563;40;4
14291;7026;40;6
14292;7026;40;15
14293;7026;40;17
14294;7026;40;13
14295;342;40;7
14296;342;40;20
14297;342;40;17
14298;342;40;14
14299;492;40;18
14300;7007;40;4
14301;7007;40;16
14302;7007;40;6
14303;7039;40;3
14304;7039;40;22
14305;7039;40;8
14306;566;40;8
14307;566;40;7
14308;7063;40;1
14309;7063;40;9
14310;339;40;4
14311;482;41;5
14312;482;41;20
14313;482;41;12
14314;294;41;22
14315;382;41;5
14316;382;41;19
14317;7027;41;8
14318;334;41;9
14319;7037;41;17
14320;7037;41;14
14321;283;41;5
14322;283;41;11
14323;283;41;19
14324;290;41;22
14325;6869;41;4
14326;360;41;18
14327;360;41;19
14328;360;41;12
14329;360;41;22
14330;6919;43;17
14331;6919;43;4
14332;7129;43;3
14333;7129;43;4
14334;7129;43;13
14335;7129;43;16
14336;6926;43;17
14337;6926;43;15
14338;6926;43;19
14339;6962;43;9
14340;6962;43;14
14341;273;43;17
14342;273;43;22
14343;273;43;21
14344;273;43;13
14345;276;43;15
14346;276;43;18
14347;276;43;20
14348;7006;43;1
14349;7006;43;17
14350;6862;43;16
14351;443;43;6
14352;443;43;4
14353;443;43;18
14354;7016;43;11
14355;498;44;4
14356;498;44;10
14357;6971;44;6
14358;7069;44;20
14359;287;44;10
14360;330;44;1
14361;330;44;14
14362;330;44;13
14363;330;44;11
14364;337;44;2
14365;337;44;18
14366;6975;44;22
14367;6975;44;8
14368;6975;44;16
14369;6975;44;22
14370;7003;44;11
14371;7003;44;3
14372;399;44;10
14373;399;44;1
14374;7013;45;12
14375;7013;45;11
14376;7013;45;1
14377;7013;45;6
14378;359;45;7
14379;359;45;14
14380;359;45;8
14381;359;45;17
14382;504;45;9
14383;504;45;17
14384;504;45;13
14385;328;45;1
14386;328;45;7
14387;405;45;5
14388;405;45;15
14389;496;45;14
14390;496;45;11
14391;380;45;18
14392;380;45;20
14393;370;45;8
14394;370;45;19
14395;370;45;22
14396;370;45;4
14397;523;45;17
14398;523;45;20
14399;523;45;6
14400;523;45;20
14401;7079;45;22
14402;7079;45;9
14403;520;46;4
14404;520;46;17
14405;520;46;17
14406;368;46;4
14407;6964;46;13
14408;6964;46;4
14409;6964;46;13
14410;7078;46;4
14411;7078;46;16
14412;378;46;18
14413;7036;46;5
14414;7036;46;2
14415;7036;46;5
14416;7065;46;8
14417;310;46;21
14418;315;46;9
14419;315;46;13
14420;315;46;18
14421;315;46;14
14422;462;46;8
14423;462;46;11
14424;462;46;15
14425;462;46;8
14426;246;47;12
14427;423;47;14
14428;423;47;20
14429;368;47;3
14430;368;47;5
14431;292;47;14
14432;292;47;17
14433;6986;47;18
14434;6986;47;11
14435;6986;47;16
14436;6939;47;6
14437;6939;47;1
14438;6939;47;19
14439;6939;47;4
14440;369;47;1
14441;369;47;12
14442;369;47;5
14443;340;47;8
14444;340;47;11
14445;340;47;8
14446;340;47;22
14447;6943;47;19
14448;6943;47;3
14449;6943;47;14
14450;7025;47;15
14451;7025;47;15
14452;7025;47;7
14453;7025;47;1
14454;6946;48;15
14455;6946;48;2
14456;453;48;1
14457;431;48;5
14458;431;48;5
14459;431;48;13
14460;433;48;3
14461;492;48;14
14462;492;48;8
14463;492;48;15
14464;522;48;13
14465;522;48;1
14466;6870;48;7
14467;560;48;12
14468;560;48;20
14469;560;48;18
14470;519;48;14
14471;6921;48;15
14472;6921;48;21
14473;6921;48;22
14474;6921;48;18
14475;7041;49;15
14476;6882;49;16
14477;301;49;3
14478;508;49;22
14479;508;49;21
14480;508;49;1
14481;459;49;18
14482;459;49;9
14483;459;49;6
14484;375;49;3
14485;375;49;11
14486;252;49;4
14487;252;49;5
14488;7135;49;15
14489;7135;49;1
14490;7135;49;9
14491;7053;49;17
14492;7053;49;6
14493;7053;49;18
14494;7053;49;10
14495;439;49;12
14496;439;49;6
14497;439;49;13
14498;439;49;7
14499;533;6800;1
14500;272;6800;15
14501;272;6800;11
14502;6906;6800;20
14503;6906;6800;1
14504;504;6800;6
14505;398;6800;17
14506;398;6800;12
14507;398;6800;12
14508;398;6800;21
14509;552;6800;6
14510;552;6800;5
14511;552;6800;18
14512;7135;6800;4
14513;7135;6800;9
14514;7135;6800;14
14515;7135;6800;19
14516;458;6800;9
14517;458;6800;19
14518;458;6800;21
14519;458;6800;13
14520;486;6800;12
14521;6894;6800;5
14522;6894;6800;2
14523;372;6801;7
14524;285;6801;19
14525;285;6801;22
14526;285;6801;18
14527;6855;6801;15
14528;6855;6801;14
14529;6926;6801;10
14530;6926;6801;1
14531;6926;6801;6
14532;6926;6801;17
14533;379;6801;20
14534;379;6801;12
14535;379;6801;8
14536;379;6801;11
14537;313;6801;4
14538;313;6801;15
14539;313;6801;9
14540;313;6801;13
14541;7082;6801;2
14542;7082;6801;11
14543;7082;6801;21
14544;494;6801;20
14545;494;6801;17
14546;549;6801;12
14547;549;6801;10
14548;7001;6801;14
14549;7001;6801;19
14550;411;6802;5
14551;411;6802;22
14552;467;6802;12
14553;467;6802;18
14554;6935;6802;9
14555;6935;6802;19
14556;6935;6802;4
14557;6935;6802;3
14558;538;6802;15
14559;566;6802;4
14560;566;6802;22
14561;566;6802;10
14562;509;6802;12
14563;509;6802;21
14564;509;6802;3
14565;509;6802;3
14566;367;6802;7
14567;367;6802;10
14568;367;6802;5
14569;367;6802;16
14570;7005;6802;22
14571;6977;6802;18
14572;6977;6802;9
14573;6977;6802;6
14574;6857;6802;3
14575;6932;6803;11
14576;379;6803;14
14577;379;6803;20
14578;431;6803;4
14579;431;6803;20
14580;431;6803;21
14581;467;6803;20
14582;467;6803;18
14583;454;6803;13
14584;454;6803;11
14585;6919;6803;11
14586;6975;6803;16
14587;6975;6803;16
14588;6975;6803;7
14589;6975;6803;7
14590;7071;6803;22
14591;7071;6803;7
14592;7071;6803;2
14593;281;6803;9
14594;281;6803;8
14595;281;6803;8
14596;281;6803;17
14597;7084;6803;14
14598;7084;6803;12
14599;7084;6803;2
14600;7084;6803;12
14601;531;6804;8
14602;375;6804;9
14603;375;6804;22
14604;375;6804;6
14605;320;6804;21
14606;320;6804;12
14607;320;6804;10
14608;320;6804;11
14609;7053;6804;12
14610;7053;6804;10
14611;511;6804;13
14612;511;6804;13
14613;7001;6804;18
14614;7001;6804;18
14615;272;6804;9
14616;272;6804;7
14617;272;6804;18
14618;272;6804;16
14619;520;6804;13
14620;520;6804;14
14621;520;6804;15
14622;520;6804;3
14623;392;6804;16
14624;437;6805;22
14625;437;6805;2
14626;437;6805;4
14627;6903;6805;7
14628;548;6805;2
14629;548;6805;9
14630;548;6805;17
14631;298;6805;20
14632;298;6805;14
14633;273;6805;20
14634;273;6805;21
14635;311;6805;4
14636;482;6805;6
14637;330;6805;6
14638;330;6805;16
14639;330;6805;14
14640;7083;6805;19
14641;7034;6805;5
14642;7034;6805;16
14643;7034;6805;8
14644;430;6806;10
14645;430;6806;6
14646;376;6806;22
14647;376;6806;13
14648;376;6806;8
14649;6908;6806;9
14650;7057;6806;14
14651;7057;6806;17
14652;7106;6806;1
14653;7106;6806;21
14654;7138;6806;5
14655;7138;6806;9
14656;6999;6806;14
14657;6999;6806;13
14658;6999;6806;11
14659;6999;6806;20
14660;351;6806;22
14661;351;6806;6
14662;351;6806;6
14663;351;6806;11
14664;434;6806;8
14665;6887;6806;12
14666;6887;6806;9
14667;6887;6806;1
14668;482;6807;1
14669;482;6807;15
14670;256;6807;8
14671;256;6807;7
14672;256;6807;13
14673;256;6807;20
14674;458;6807;21
14675;458;6807;14
14676;458;6807;22
14677;458;6807;18
14678;6893;6807;15
14679;6893;6807;14
14680;6893;6807;15
14681;432;6807;8
14682;432;6807;2
14683;281;6807;19
14684;281;6807;12
14685;281;6807;7
14686;281;6807;17
14687;393;6807;7
14688;393;6807;20
14689;393;6807;22
14690;7026;6807;16
14691;272;6807;8
14692;6993;6807;13
14693;6993;6807;21
14694;483;6808;8
14695;483;6808;2
14696;483;6808;13
14697;483;6808;1
14698;6992;6808;16
14699;6992;6808;22
14700;6992;6808;7
14701;6875;6808;11
14702;548;6808;18
14703;548;6808;13
14704;548;6808;15
14705;382;6808;4
14706;382;6808;8
14707;275;6808;15
14708;275;6808;12
14709;6975;6808;3
14710;6975;6808;14
14711;378;6808;16
14712;439;6808;16
14713;439;6808;6
14714;439;6808;12
14715;439;6808;15
14716;388;6808;3
14717;388;6808;17
14718;399;6809;7
14719;399;6809;6
14720;399;6809;18
14721;399;6809;1
14722;6890;6809;3
14723;7133;6809;1
14724;7133;6809;17
14725;7133;6809;6
14726;392;6809;2
14727;392;6809;10
14728;392;6809;9
14729;6899;6809;21
14730;6899;6809;1
14731;401;6809;21
14732;6895;6809;10
14733;6895;6809;5
14734;407;6809;13
14735;407;6809;8
14736;7092;6809;1
14737;7092;6809;17
14738;7092;6809;17
14739;7092;6809;9
14740;518;6809;11
14741;247;6810;17
14742;7065;6810;2
14743;7065;6810;9
14744;332;6810;5
14745;332;6810;12
14746;6915;6810;7
14747;6915;6810;9
14748;6915;6810;9
14749;6915;6810;7
14750;7054;6810;11
14751;7054;6810;7
14752;7054;6810;20
14753;427;6810;14
14754;427;6810;6
14755;427;6810;5
14756;407;6810;9
14757;407;6810;2
14758;7083;6810;5
14759;7083;6810;16
14760;7083;6810;6
14761;7083;6810;2
14762;7011;6810;6
14763;7011;6810;9
14764;7011;6810;4
14765;7011;6810;6
14766;7136;6810;15
14767;7062;6811;7
14768;6883;6811;16
14769;6883;6811;21
14770;6883;6811;9
14771;303;6811;3
14772;303;6811;19
14773;335;6811;6
14774;514;6811;8
14775;514;6811;17
14776;514;6811;19
14777;6866;6811;17
14778;6929;6811;7
14779;6929;6811;15
14780;6929;6811;9
14781;6929;6811;7
14782;323;6811;4
14783;323;6811;14
14784;6920;6811;10
14785;6920;6811;4
14786;6920;6811;2
14787;6920;6811;22
14788;7076;6811;2
14789;408;6812;18
14790;408;6812;6
14791;408;6812;13
14792;6866;6812;20
14793;7056;6812;18
14794;7056;6812;21
14795;291;6812;5
14796;450;6812;21
14797;450;6812;1
14798;450;6812;21
14799;7019;6812;22
14800;7019;6812;2
14801;267;6812;8
14802;267;6812;21
14803;267;6812;9
14804;312;6812;17
14805;312;6812;22
14806;7139;6812;3
14807;7139;6812;21
14808;277;6812;7
14809;277;6812;2
14810;277;6812;19
14811;277;6812;20
14812;531;6813;3
14813;7131;6813;11
14814;7131;6813;7
14815;7131;6813;2
14816;7079;6813;11
14817;7079;6813;11
14818;7079;6813;17
14819;7079;6813;3
14820;6899;6813;13
14821;6991;6813;14
14822;562;6813;3
14823;6906;6813;22
14824;7104;6813;19
14825;7104;6813;3
14826;6921;6813;12
14827;7100;6813;13
14828;7100;6813;17
14829;7100;6813;17
14830;7013;6814;20
14831;7013;6814;14
14832;7037;6814;9
14833;512;6814;17
14834;512;6814;21
14835;512;6814;9
14836;512;6814;19
14837;448;6814;1
14838;448;6814;17
14839;448;6814;19
14840;470;6814;14
14841;470;6814;4
14842;6943;6814;10
14843;6943;6814;3
14844;6943;6814;12
14845;550;6814;19
14846;550;6814;3
14847;550;6814;2
14848;550;6814;11
14849;7044;6814;3
14850;7023;6814;1
14851;7023;6814;22
14852;7023;6814;16
14853;7023;6814;7
14854;278;6814;3
14855;6899;6815;4
14856;6899;6815;21
14857;6899;6815;16
14858;535;6815;11
14859;535;6815;16
14860;535;6815;15
14861;6914;6815;11
14862;261;6815;15
14863;261;6815;22
14864;261;6815;15
14865;261;6815;14
14866;355;6815;19
14867;355;6815;4
14868;526;6815;6
14869;526;6815;12
14870;526;6815;2
14871;254;6815;3
14872;254;6815;20
14873;286;6815;15
14874;286;6815;1
14875;286;6815;9
14876;286;6815;20
14877;428;6815;17
14878;428;6815;15
14879;428;6815;17
14880;428;6815;19
14881;280;6815;6
14882;280;6815;22
14883;405;6816;14
14884;405;6816;19
14885;405;6816;5
14886;340;6816;14
14887;340;6816;4
14888;340;6816;19
14889;7089;6816;10
14890;6980;6816;15
14891;6980;6816;3
14892;6850;6816;14
14893;6850;6816;19
14894;6850;6816;14
14895;7076;6816;15
14896;7076;6816;19
14897;7076;6816;18
14898;6949;6816;19
14899;6949;6816;15
14900;6949;6816;7
14901;6949;6816;8
14902;549;6816;4
14903;549;6816;1
14904;489;6816;18
14905;7096;6816;3
14906;7105;6817;10
14907;7105;6817;2
14908;7105;6817;10
14909;7105;6817;7
14910;6969;6817;19
14911;6969;6817;22
14912;546;6817;17
14913;6965;6817;17
14914;309;6817;18
14915;309;6817;11
14916;309;6817;4
14917;516;6817;4
14918;516;6817;7
14919;516;6817;18
14920;516;6817;9
14921;317;6817;19
14922;6854;6817;4
14923;6854;6817;21
14924;6854;6817;6
14925;6935;6817;22
14926;432;6818;19
14927;432;6818;14
14928;432;6818;4
14929;432;6818;13
14930;368;6818;3
14931;434;6818;10
14932;434;6818;7
14933;434;6818;2
14934;7106;6818;20
14935;7106;6818;17
14936;7106;6818;4
14937;7106;6818;15
14938;522;6818;13
14939;522;6818;13
14940;522;6818;1
14941;522;6818;1
14942;7141;6818;2
14943;462;6818;7
14944;462;6818;16
14945;462;6818;16
14946;7063;6818;7
14947;7063;6818;6
14948;7063;6818;9
14949;506;6818;16
14950;428;6818;6
14951;428;6818;21
14952;428;6818;14
14953;428;6818;13
14954;553;6819;13
14955;6865;6819;14
14956;6865;6819;8
14957;6922;6819;5
14958;6922;6819;1
14959;6922;6819;12
14960;6922;6819;10
14961;6886;6819;3
14962;6886;6819;6
14963;6886;6819;8
14964;6940;6819;3
14965;6940;6819;21
14966;6940;6819;14
14967;6918;6819;3
14968;6918;6819;20
14969;6918;6819;20
14970;7093;6819;11
14971;7093;6819;6
14972;7093;6819;5
14973;6960;6819;20
14974;6960;6819;3
14975;6960;6819;20
14976;6960;6819;12
14977;7025;6819;2
14978;539;6819;10
14979;539;6819;22
14980;7139;6820;10
14981;7139;6820;20
14982;7139;6820;6
14983;247;6820;7
14984;247;6820;5
14985;517;6820;21
14986;517;6820;5
14987;7071;6820;1
14988;7071;6820;11
14989;7071;6820;14
14990;7071;6820;1
14991;318;6820;4
14992;318;6820;11
14993;318;6820;16
14994;7074;6820;1
14995;7074;6820;19
14996;7133;6820;4
14997;7133;6820;20
14998;7093;6820;20
14999;7093;6820;15
15000;7096;6820;11
15001;7096;6820;2
15002;7096;6820;20
15003;7096;6820;21
15004;6984;6820;10
15005;6984;6820;12
15006;6984;6820;17
15007;455;6821;19
15008;455;6821;13
15009;545;6821;6
15010;545;6821;13
15011;545;6821;1
15012;466;6821;21
15013;6921;6821;11
15014;6921;6821;19
15015;6993;6821;1
15016;6993;6821;13
15017;6993;6821;16
15018;6993;6821;4
15019;283;6821;18
15020;283;6821;2
15021;283;6821;16
15022;283;6821;8
15023;7051;6821;10
15024;7051;6821;12
15025;7051;6821;9
15026;7051;6821;10
15027;7127;6821;3
15028;420;6821;18
15029;6854;6821;12
15030;6860;6822;16
15031;6860;6822;15
15032;6860;6822;4
15033;6860;6822;13
15034;7030;6822;7
15035;7030;6822;8
15036;7030;6822;21
15037;7030;6822;22
15038;288;6822;9
15039;288;6822;18
15040;288;6822;1
15041;288;6822;10
15042;307;6822;5
15043;307;6822;17
15044;506;6822;14
15045;506;6822;11
15046;506;6822;1
15047;486;6822;20
15048;293;6822;4
15049;7088;6822;4
15050;7088;6822;19
15051;7088;6822;3
15052;7088;6822;18
15053;271;6822;7
15054;271;6822;8
15055;271;6822;1
15056;536;6822;20
15057;536;6822;12
15058;6851;6823;5
15059;6851;6823;12
15060;6851;6823;16
15061;501;6823;8
15062;501;6823;1
15063;501;6823;1
15064;501;6823;17
15065;6974;6823;22
15066;6974;6823;16
15067;389;6823;8
15068;389;6823;1
15069;389;6823;13
15070;389;6823;2
15071;6940;6823;13
15072;6940;6823;17
15073;6940;6823;22
15074;6940;6823;10
15075;431;6823;4
15076;431;6823;11
15077;431;6823;19
15078;431;6823;5
15079;6995;6823;2
15080;6995;6823;11
15081;508;6823;3
15082;508;6823;13
15083;508;6823;15
15084;508;6823;4
15085;7034;6823;2
15086;7034;6823;17
15087;7034;6823;5
15088;6875;6823;20
15089;6875;6823;3
15090;6875;6823;9
15091;6875;6823;12
15092;254;6824;4
15093;513;6824;10
15094;7111;6824;17
15095;7111;6824;7
15096;7111;6824;5
15097;6949;6824;4
15098;6949;6824;13
15099;6949;6824;3
15100;6949;6824;6
15101;7117;6824;6
15102;7117;6824;22
15103;362;6824;15
15104;247;6824;6
15105;247;6824;9
15106;247;6824;20
15107;247;6824;3
15108;7038;6824;5
15109;7038;6824;11
15110;6902;6824;7
15111;6902;6824;14
15112;7012;6826;20
15113;7012;6826;20
15114;7012;6826;2
15115;7012;6826;9
15116;7110;6826;7
15117;7110;6826;15
15118;7110;6826;17
15119;7110;6826;17
15120;502;6826;5
15121;502;6826;17
15122;417;6826;10
15123;417;6826;3
15124;7106;6826;7
15125;354;6826;12
15126;354;6826;6
15127;354;6826;14
15128;7103;6826;5
15129;456;6826;3
15130;527;6826;2
15131;527;6826;20
15132;6977;6826;2
15133;6977;6826;6
15134;7027;6827;14
15135;7027;6827;1
15136;7027;6827;6
15137;7027;6827;16
15138;290;6827;20
15139;7068;6827;21
15140;7068;6827;7
15141;523;6827;21
15142;523;6827;14
15143;379;6827;14
15144;7098;6827;15
15145;7098;6827;5
15146;7098;6827;4
15147;6999;6827;18
15148;322;6827;8
15149;322;6827;4
15150;322;6827;16
15151;322;6827;15
15152;7125;6827;6
15153;7125;6827;17
15154;7125;6827;6
15155;7125;6827;17
15156;524;6827;15
15157;524;6827;2
15158;432;6828;4
15159;505;6828;5
15160;505;6828;10
15161;339;6828;10
15162;339;6828;7
15163;339;6828;13
15164;339;6828;21
15165;6973;6828;7
15166;562;6828;2
15167;562;6828;12
15168;562;6828;15
15169;309;6828;16
15170;309;6828;3
15171;7063;6828;10
15172;7063;6828;5
15173;7063;6828;6
15174;7063;6828;19
15175;483;6828;1
15176;483;6828;4
15177;483;6828;14
15178;334;6828;15
15179;334;6828;13
15180;334;6828;21
15181;498;6828;12
15182;498;6828;19
15183;370;6829;6
15184;370;6829;11
15185;292;6829;4
15186;292;6829;18
15187;292;6829;12
15188;292;6829;5
15189;296;6829;1
15190;296;6829;9
15191;513;6829;20
15192;6951;6829;2
15193;6951;6829;19
15194;6951;6829;2
15195;6886;6829;18
15196;6886;6829;15
15197;7144;6829;21
15198;519;6829;14
15199;519;6829;9
15200;427;6829;18
15201;427;6829;14
15202;427;6829;21
15203;427;6829;9
15204;548;6829;1
15205;472;6830;5
15206;502;6830;10
15207;7125;6830;21
15208;7125;6830;21
15209;7125;6830;3
15210;7125;6830;20
15211;303;6830;19
15212;303;6830;18
15213;303;6830;4
15214;303;6830;21
15215;6992;6830;19
15216;6992;6830;14
15217;7108;6830;11
15218;7108;6830;13
15219;7108;6830;11
15220;7108;6830;20
15221;6873;6830;12
15222;6873;6830;18
15223;6873;6830;19
15224;6873;6830;9
15225;550;6830;22
15226;550;6830;21
15227;533;6830;1
15228;533;6830;17
15229;265;6830;1
15230;265;6830;15
15231;399;6831;15
15232;399;6831;21
15233;399;6831;3
15234;285;6831;15
15235;285;6831;17
15236;266;6831;3
15237;476;6831;11
15238;476;6831;11
15239;476;6831;13
15240;433;6831;22
15241;433;6831;2
15242;433;6831;20
15243;433;6831;15
15244;469;6831;5
15245;469;6831;9
15246;469;6831;13
15247;7016;6831;2
15248;7016;6831;13
15249;7016;6831;14
15250;6956;6831;22
15251;6999;6831;18
15252;6999;6831;2
15253;6999;6831;18
15254;7043;6831;14
15255;7043;6831;4
15256;7043;6831;22
15257;7043;6831;21
15258;435;6832;4
15259;435;6832;18
15260;6865;6832;17
15261;368;6832;3
15262;368;6832;9
15263;275;6832;18
15264;275;6832;1
15265;275;6832;21
15266;275;6832;5
15267;6853;6832;3
15268;6981;6832;19
15269;6981;6832;7
15270;6981;6832;3
15271;6981;6832;1
15272;7139;6832;13
15273;7139;6832;18
15274;7139;6832;12
15275;7139;6832;18
15276;517;6832;7
15277;517;6832;14
15278;7000;6832;13
15279;7000;6832;21
15280;7000;6832;17
15281;6921;6832;4
15282;7099;6833;11
15283;7099;6833;17
15284;7099;6833;2
15285;442;6833;3
15286;442;6833;12
15287;442;6833;15
15288;7040;6833;18
15289;7040;6833;3
15290;7040;6833;1
15291;539;6833;16
15292;539;6833;21
15293;539;6833;21
15294;298;6833;8
15295;7075;6833;22
15296;524;6833;17
15297;282;6833;6
15298;282;6833;7
15299;7125;6833;4
15300;7125;6833;11
15301;6881;6833;7
15302;6881;6833;19
15303;6881;6833;6
15304;6863;6834;1
15305;6863;6834;13
15306;6863;6834;14
15307;6863;6834;2
15308;475;6834;15
15309;475;6834;22
15310;475;6834;11
15311;7095;6834;21
15312;315;6834;10
15313;315;6834;18
15314;315;6834;19
15315;315;6834;13
15316;344;6834;17
15317;344;6834;11
15318;344;6834;14
15319;330;6834;2
15320;330;6834;3
15321;330;6834;18
15322;271;6834;12
15323;6964;6834;5
15324;6964;6834;22
15325;6964;6834;1
15326;6964;6834;22
15327;326;6834;22
15328;326;6834;20
15329;444;6834;11
15330;7014;6835;7
15331;433;6835;8
15332;433;6835;16
15333;433;6835;2
15334;433;6835;11
15335;6948;6835;19
15336;6948;6835;8
15337;6948;6835;19
15338;6948;6835;12
15339;529;6835;13
15340;529;6835;18
15341;529;6835;22
15342;359;6835;5
15343;359;6835;12
15344;359;6835;19
15345;359;6835;21
15346;7035;6835;11
15347;7035;6835;13
15348;7035;6835;22
15349;7035;6835;10
15350;379;6835;10
15351;7096;6835;13
15352;6878;6835;13
15353;257;6835;8
15354;257;6835;10
15355;257;6835;9
15356;7114;6836;4
15357;7114;6836;21
15358;7114;6836;15
15359;7114;6836;14
15360;319;6836;21
15361;6978;6836;16
15362;6978;6836;6
15363;6978;6836;14
15364;6978;6836;10
15365;7039;6836;22
15366;311;6836;17
15367;311;6836;8
15368;311;6836;6
15369;7102;6836;9
15370;7102;6836;19
15371;7102;6836;6
15372;389;6836;6
15373;389;6836;2
15374;6872;6836;16
15375;424;6836;8
15376;424;6836;6
15377;502;6836;6
15378;502;6836;4
15379;502;6836;10
15380;502;6836;2
15381;7089;6837;7
15382;7089;6837;19
15383;7089;6837;6
15384;6979;6837;19
15385;6979;6837;16
15386;6979;6837;20
15387;6975;6837;18
15388;6975;6837;13
15389;6975;6837;5
15390;363;6837;1
15391;425;6837;5
15392;425;6837;10
15393;7105;6837;1
15394;7105;6837;13
15395;7105;6837;15
15396;7105;6837;18
15397;6914;6837;14
15398;6914;6837;13
15399;6914;6837;12
15400;299;6837;10
15401;299;6837;10
15402;299;6837;9
15403;7076;6837;6
15404;7076;6837;19
15405;485;6837;20
15406;485;6837;11
15407;485;6837;11
15408;485;6837;1
15409;6955;6838;13
15410;6955;6838;3
15411;6955;6838;8
15412;6955;6838;15
15413;421;6838;11
15414;421;6838;18
15415;436;6838;6
15416;436;6838;2
15417;518;6838;10
15418;7051;6838;4
15419;7051;6838;20
15420;6911;6838;20
15421;6911;6838;14
15422;6922;6838;15
15423;474;6838;4
15424;426;6838;11
15425;426;6838;8
15426;407;6838;7
15427;407;6838;9
15428;6941;6839;4
15429;6941;6839;18
15430;6856;6839;9
15431;6856;6839;20
15432;6856;6839;10
15433;549;6839;7
15434;549;6839;4
15435;7114;6839;4
15436;6912;6839;2
15437;6912;6839;9
15438;6912;6839;9
15439;6912;6839;8
15440;507;6839;20
15441;507;6839;3
15442;507;6839;21
15443;507;6839;12
15444;6925;6839;20
15445;302;6839;9
15446;249;6839;9
15447;249;6839;19
15448;249;6839;20
15449;386;6839;1
15450;386;6839;4
15451;7086;6840;4
15452;7086;6840;3
15453;544;6840;8
15454;544;6840;2
15455;503;6840;16
15456;503;6840;10
15457;503;6840;3
15458;6969;6840;9
15459;6969;6840;3
15460;6969;6840;20
15461;499;6840;18
15462;281;6840;3
15463;281;6840;10
15464;281;6840;13
15465;281;6840;4
15466;6886;6840;17
15467;6886;6840;4
15468;547;6840;11
15469;547;6840;1
15470;547;6840;4
15471;547;6840;2
15472;349;6840;10
15473;349;6840;20
15474;349;6840;5
15475;399;6840;8
15476;399;6840;20
15477;399;6840;7
15478;399;6840;3
15479;366;6841;20
15480;326;6841;10
15481;326;6841;12
15482;265;6841;7
15483;265;6841;12
15484;355;6841;11
15485;447;6841;14
15486;447;6841;22
15487;447;6841;17
15488;6938;6841;11
15489;6938;6841;22
15490;6938;6841;22
15491;6938;6841;10
15492;7027;6841;8
15493;7027;6841;19
15494;7027;6841;1
15495;7027;6841;10
15496;422;6841;20
15497;422;6841;16
15498;422;6841;19
15499;7132;6841;3
15500;544;6841;5
15501;544;6841;11
15502;544;6841;17
15503;426;6842;12
15504;7060;6842;17
15505;7060;6842;21
15506;409;6842;19
15507;409;6842;10
15508;262;6842;12
15509;262;6842;13
15510;6988;6842;13
15511;6988;6842;15
15512;479;6842;17
15513;479;6842;1
15514;479;6842;9
15515;479;6842;11
15516;392;6842;18
15517;392;6842;4
15518;7006;6842;19
15519;7006;6842;19
15520;7006;6842;14
15521;7006;6842;17
15522;6878;6842;8
15523;6878;6842;1
15524;7063;6842;9
15525;7063;6842;3
15526;7063;6842;6
15527;7063;6842;15
15528;425;6843;5
15529;425;6843;6
15530;6858;6843;3
15531;295;6843;20
15532;6935;6843;12
15533;6935;6843;20
15534;543;6843;7
15535;374;6843;19
15536;7062;6843;3
15537;7062;6843;3
15538;6895;6843;3
15539;6895;6843;21
15540;6895;6843;21
15541;265;6843;11
15542;265;6843;20
15543;265;6843;7
15544;7016;6843;10
15545;7016;6843;3
15546;7016;6843;8
15547;271;6844;4
15548;271;6844;7
15549;271;6844;8
15550;337;6844;15
15551;371;6844;17
15552;371;6844;9
15553;371;6844;9
15554;273;6844;21
15555;287;6844;8
15556;287;6844;21
15557;287;6844;15
15558;6861;6844;16
15559;6861;6844;13
15560;553;6844;20
15561;553;6844;19
15562;553;6844;15
15563;553;6844;22
15564;439;6844;16
15565;439;6844;14
15566;6912;6844;8
15567;6912;6844;16
15568;6912;6844;12
15569;7119;6844;18
15570;7119;6844;4
15571;7119;6844;21
15572;6907;6846;19
15573;6907;6846;21
15574;6907;6846;1
15575;465;6846;20
15576;314;6846;17
15577;314;6846;9
15578;6850;6846;1
15579;6850;6846;6
15580;6850;6846;9
15581;6850;6846;12
15582;7105;6846;22
15583;272;6846;20
15584;272;6846;4
15585;272;6846;10
15586;272;6846;16
15587;381;6846;7
15588;381;6846;1
15589;486;6846;1
15590;486;6846;19
15591;7126;6846;15
15592;7126;6846;19
15593;266;6846;3
15594;266;6846;12
15595;266;6846;9
15596;7033;6847;19
15597;7024;6847;15
15598;7024;6847;9
15599;7096;6847;13
15600;431;6847;7
15601;7118;6847;7
15602;6936;6847;6
15603;6936;6847;5
15604;277;6847;17
15605;475;6847;18
15606;475;6847;14
15607;475;6847;16
15608;6957;6847;6
15609;318;6847;21
15610;318;6847;16
15611;318;6847;4
15612;7021;6848;21
15613;378;6848;12
15614;403;6848;20
15615;403;6848;16
15616;362;6848;7
15617;519;6848;13
15618;519;6848;5
15619;334;6848;3
15620;334;6848;20
15621;6935;6848;5
15622;6935;6848;5
15623;6935;6848;16
15624;381;6848;18
15625;381;6848;14
15626;381;6848;7
15627;381;6848;20
15628;7119;6848;17
15629;372;6848;19
15630;372;6848;3
15631;7070;6849;7
15632;7070;6849;10
15633;7070;6849;21
15634;7070;6849;6
15635;7098;6849;14
15636;340;6849;17
15637;340;6849;18
15638;340;6849;10
15639;340;6849;18
15640;6904;6849;20
15641;401;6849;5
15642;401;6849;9
15643;401;6849;7
15644;7105;6849;19
15645;7105;6849;14
15646;7105;6849;1
15647;506;6849;6
15648;506;6849;20
15649;6872;6849;9
15650;6872;6849;15
15651;6974;6849;7
15652;517;6849;10
15653;517;6849;19
15654;517;6849;20
15655;7138;27;3
15656;7138;27;3
15657;539;27;6
15658;539;27;3
15659;6913;27;14
15660;6913;27;10
15661;7143;27;7
15662;7143;27;1
15663;7128;27;17
15664;7128;27;13
15665;7128;27;16
15666;392;27;10
15667;392;27;22
15668;392;27;1
15669;392;27;12
15670;386;27;22
15671;386;27;5
15672;386;27;1
15673;386;27;20
15674;7084;27;21
15675;7084;27;18
15676;7084;27;11
15677;300;27;1
15678;496;27;9
15679;496;27;13
15680;496;27;13
15681;496;27;2
15682;546;26;2
15683;324;26;12
15684;324;26;1
15685;6910;26;20
15686;6910;26;22
15687;6910;26;20
15688;557;26;15
15689;557;26;3
15690;557;26;11
15691;557;26;11
15692;343;26;10
15693;491;26;8
15694;491;26;9
15695;491;26;4
15696;491;26;21
15697;307;26;9
15698;7097;26;8
15699;7097;26;19
15700;294;26;5
15701;294;26;6
15702;294;26;3
15703;294;26;5
15704;7017;26;22
15705;482;6825;16
15706;482;6825;9
15707;482;6825;13
15708;7144;6825;12
15709;7144;6825;9
15710;511;6825;5
15711;6999;6825;2
15712;341;6825;19
15713;341;6825;7
15714;341;6825;1
15715;341;6825;4
15716;7080;6825;2
15717;7080;6825;1
15718;7080;6825;4
15719;6930;6825;4
15720;6930;6825;20
15721;437;6825;21
15722;437;6825;5
15723;437;6825;5
15724;275;6825;16
15725;275;6825;16
15726;275;6825;17
15727;259;6825;11
15728;259;6825;3
15729;259;6825;19
15730;392;2;16
15731;392;2;19
15732;392;2;9
15733;549;2;1
15734;549;2;2
15735;549;2;16
15736;549;2;2
15737;6929;2;12
15738;6929;2;12
15739;402;2;21
15740;402;2;1
15741;402;2;16
15742;325;2;4
15743;444;2;13
15744;6892;2;19
15745;6892;2;16
15746;6892;2;15
15747;405;2;8
15748;405;2;17
15749;378;2;12
15750;378;2;9
15751;373;2;12
15752;373;2;16
15753;7092;6845;7
15754;7092;6845;10
15755;6995;6845;15
15756;6995;6845;4
15757;6995;6845;4
15758;327;6845;10
15759;327;6845;18
15760;6869;6845;9
15761;6869;6845;15
15762;6970;6845;16
15763;6970;6845;15
15764;6970;6845;1
15765;6992;6845;10
15766;6992;6845;10
15767;6992;6845;13
15768;433;6845;20
15769;433;6845;22
15770;6927;6845;3
15771;523;6845;6
15772;523;6845;17
15773;523;6845;5
15774;7054;6845;19
15775;7054;6845;1
15776;7054;6845;18
15777;7043;42;15
15778;553;42;22
15779;553;42;8
15780;553;42;1
15781;541;42;5
15782;541;42;2
15783;541;42;2
15784;541;42;8
15785;7101;42;14
15786;7101;42;15
15787;281;42;16
15788;7139;42;15
15789;7139;42;1
15790;273;42;4
15791;7059;42;9
15792;7048;42;12
15793;7048;42;13
15794;293;42;21
15795;293;42;14
15796;293;42;6
